{
  "batch_summary": {
    "best_vs_worst": {
      "best_batch": 5,
      "best_verified_share": 0.873015873015873,
      "eval_mode": "ambiguous",
      "gap": 0.48171152518978605,
      "model": "gpt5",
      "n_batches": 5,
      "question_id": "Q5.1.5",
      "section": 5.1,
      "worst_batch": 2,
      "worst_verified_share": 0.391304347826087
    },
    "canonical_agreement": {
      "jaccard_max": 1.0,
      "jaccard_mean": 0.2512959501002979,
      "jaccard_min": 0.027777777777777776,
      "model": "gpt5",
      "n_batches": 5,
      "n_unique_union": 55,
      "question_id": "Q5.1.5"
    },
    "numeric_agreement": {
      "model": "gpt5",
      "n_batches": 5,
      "n_unique_numeric_tokens": 62,
      "question_id": "Q5.1.5",
      "share_in_all_batches": 0.06451612903225806,
      "share_in_ge2": 0.24193548387096775,
      "share_in_ge3": 0.1774193548387097,
      "share_in_ge4": 0.14516129032258066,
      "share_in_ge5": 0.06451612903225806
    },
    "stability": {
      "domain_mean": 0.2535708336308036,
      "domain_stdev": 0.11002434090687394,
      "eval_mode": "ambiguous",
      "filler_mean": 0.21807580836761384,
      "filler_stdev": 0.07814546294342815,
      "model": "gpt5",
      "n_batches": 5,
      "n_claims_max": 79,
      "n_claims_mean": 56.2,
      "n_claims_min": 35,
      "n_claims_stdev": 20.364184245876388,
      "question_id": "Q5.1.5",
      "section": 5.1,
      "stability_score": 0.8776238476911032,
      "unverified_mean": 0.08715880155160514,
      "unverified_stdev": 0.11362515045682368,
      "verified_mean": 0.6592703648175913,
      "verified_stdev": 0.18770965492846123
    }
  },
  "claim_type_bucket_matrix": [
    {
      "bucket_counts": {
        "domain_count": 0,
        "filler_count": 0,
        "unverified_count": 0,
        "verified_count": 0
      },
      "bucket_shares": {
        "domain_share": 0.0,
        "filler_share": 0.0,
        "unverified_share": 0.0,
        "verified_share": 0.0
      },
      "claim_type": "calculation",
      "row_total": 0
    },
    {
      "bucket_counts": {
        "domain_count": 0,
        "filler_count": 0,
        "unverified_count": 2,
        "verified_count": 19
      },
      "bucket_shares": {
        "domain_share": 0.0,
        "filler_share": 0.0,
        "unverified_share": 0.09523809523809523,
        "verified_share": 0.9047619047619048
      },
      "claim_type": "citation",
      "row_total": 21
    },
    {
      "bucket_counts": {
        "domain_count": 3,
        "filler_count": 0,
        "unverified_count": 0,
        "verified_count": 3
      },
      "bucket_shares": {
        "domain_share": 0.5,
        "filler_share": 0.0,
        "unverified_share": 0.0,
        "verified_share": 0.5
      },
      "claim_type": "comparison",
      "row_total": 6
    },
    {
      "bucket_counts": {
        "domain_count": 0,
        "filler_count": 0,
        "unverified_count": 0,
        "verified_count": 2
      },
      "bucket_shares": {
        "domain_share": 0.0,
        "filler_share": 0.0,
        "unverified_share": 0.0,
        "verified_share": 1.0
      },
      "claim_type": "counting",
      "row_total": 2
    },
    {
      "bucket_counts": {
        "domain_count": 19,
        "filler_count": 0,
        "unverified_count": 0,
        "verified_count": 1
      },
      "bucket_shares": {
        "domain_share": 0.95,
        "filler_share": 0.0,
        "unverified_share": 0.0,
        "verified_share": 0.05
      },
      "claim_type": "domain_reasoning",
      "row_total": 20
    },
    {
      "bucket_counts": {
        "domain_count": 0,
        "filler_count": 0,
        "unverified_count": 12,
        "verified_count": 64
      },
      "bucket_shares": {
        "domain_share": 0.0,
        "filler_share": 0.0,
        "unverified_share": 0.15789473684210525,
        "verified_share": 0.8421052631578947
      },
      "claim_type": "exact_value",
      "row_total": 76
    },
    {
      "bucket_counts": {
        "domain_count": 0,
        "filler_count": 0,
        "unverified_count": 0,
        "verified_count": 6
      },
      "bucket_shares": {
        "domain_share": 0.0,
        "filler_share": 0.0,
        "unverified_share": 0.0,
        "verified_share": 1.0
      },
      "claim_type": "existence_absence",
      "row_total": 6
    },
    {
      "bucket_counts": {
        "domain_count": 0,
        "filler_count": 57,
        "unverified_count": 0,
        "verified_count": 0
      },
      "bucket_shares": {
        "domain_share": 0.0,
        "filler_share": 1.0,
        "unverified_share": 0.0,
        "verified_share": 0.0
      },
      "claim_type": "filler",
      "row_total": 57
    },
    {
      "bucket_counts": {
        "domain_count": 3,
        "filler_count": 0,
        "unverified_count": 3,
        "verified_count": 19
      },
      "bucket_shares": {
        "domain_share": 0.12,
        "filler_share": 0.0,
        "unverified_share": 0.12,
        "verified_share": 0.76
      },
      "claim_type": "listing",
      "row_total": 25
    },
    {
      "bucket_counts": {
        "domain_count": 22,
        "filler_count": 0,
        "unverified_count": 1,
        "verified_count": 29
      },
      "bucket_shares": {
        "domain_share": 0.4230769230769231,
        "filler_share": 0.0,
        "unverified_share": 0.019230769230769232,
        "verified_share": 0.5576923076923077
      },
      "claim_type": "property_attribution",
      "row_total": 52
    },
    {
      "bucket_counts": {
        "domain_count": 0,
        "filler_count": 0,
        "unverified_count": 0,
        "verified_count": 7
      },
      "bucket_shares": {
        "domain_share": 0.0,
        "filler_share": 0.0,
        "unverified_share": 0.0,
        "verified_share": 1.0
      },
      "claim_type": "range",
      "row_total": 7
    },
    {
      "bucket_counts": {
        "domain_count": 4,
        "filler_count": 0,
        "unverified_count": 0,
        "verified_count": 5
      },
      "bucket_shares": {
        "domain_share": 0.4444444444444444,
        "filler_share": 0.0,
        "unverified_share": 0.0,
        "verified_share": 0.5555555555555556
      },
      "claim_type": "trend",
      "row_total": 9
    }
  ],
  "claim_type_counts": {
    "calculation": 0,
    "citation": 21,
    "comparison": 6,
    "counting": 2,
    "domain_reasoning": 20,
    "exact_value": 76,
    "existence_absence": 6,
    "filler": 57,
    "listing": 25,
    "property_attribution": 52,
    "range": 7,
    "trend": 9
  },
  "claim_type_support_matrix": [
    {
      "claim_type": "calculation",
      "row_total": 0,
      "support_class_counts": {
        "direct": 0,
        "domain_knowledge": 0,
        "inferred": 0,
        "no_tool_data": 0,
        "unsupported": 0
      }
    },
    {
      "claim_type": "citation",
      "row_total": 21,
      "support_class_counts": {
        "direct": 9,
        "domain_knowledge": 0,
        "inferred": 10,
        "no_tool_data": 1,
        "unsupported": 1
      }
    },
    {
      "claim_type": "comparison",
      "row_total": 6,
      "support_class_counts": {
        "direct": 0,
        "domain_knowledge": 3,
        "inferred": 3,
        "no_tool_data": 0,
        "unsupported": 0
      }
    },
    {
      "claim_type": "counting",
      "row_total": 2,
      "support_class_counts": {
        "direct": 0,
        "domain_knowledge": 0,
        "inferred": 2,
        "no_tool_data": 0,
        "unsupported": 0
      }
    },
    {
      "claim_type": "domain_reasoning",
      "row_total": 20,
      "support_class_counts": {
        "direct": 0,
        "domain_knowledge": 19,
        "inferred": 1,
        "no_tool_data": 0,
        "unsupported": 0
      }
    },
    {
      "claim_type": "exact_value",
      "row_total": 76,
      "support_class_counts": {
        "direct": 64,
        "domain_knowledge": 0,
        "inferred": 0,