{
  "batch_summary": {
    "best_vs_worst": {
      "best_batch": 3,
      "best_verified_share": 0.2537313432835821,
      "eval_mode": "comparison",
      "gap": 0.17965726920950803,
      "model": "claudesonnet46",
      "n_batches": 5,
      "question_id": "Q2.1.2",
      "section": 2,
      "worst_batch": 4,
      "worst_verified_share": 0.07407407407407407
    },
    "canonical_agreement": {
      "jaccard_max": 0.8888888888888888,
      "jaccard_mean": 0.4444949494949495,
      "jaccard_min": 0.18181818181818182,
      "model": "claudesonnet46",
      "n_batches": 5,
      "n_unique_union": 12,
      "question_id": "Q2.1.2"
    },
    "numeric_agreement": {
      "model": "claudesonnet46",
      "n_batches": 5,
      "n_unique_numeric_tokens": 47,
      "question_id": "Q2.1.2",
      "share_in_all_batches": 0.1276595744680851,
      "share_in_ge2": 0.44680851063829785,
      "share_in_ge3": 0.3191489361702128,
      "share_in_ge4": 0.19148936170212766,
      "share_in_ge5": 0.1276595744680851
    },
    "stability": {
      "domain_mean": 0.41239248890124947,
      "domain_stdev": 0.0861488575486297,
      "eval_mode": "comparison",
      "filler_mean": 0.1579204451912676,
      "filler_stdev": 0.04420126928400501,
      "model": "claudesonnet46",
      "n_batches": 5,
      "n_claims_max": 83,
      "n_claims_mean": 74.4,
      "n_claims_min": 66,
      "n_claims_stdev": 6.841052550594828,
      "question_id": "Q2.1.2",
      "section": 2,
      "stability_score": 0.9417580405269357,
      "unverified_mean": 0.46033950331159934,
      "unverified_stdev": 0.030339124548532406,
      "verified_mean": 0.1272680077871512,
      "verified_stdev": 0.07227858651109009
    }
  },
  "claim_type_bucket_matrix": [
    {
      "bucket_counts": {
        "domain_count": 0,
        "filler_count": 0,
        "unverified_count": 2,
        "verified_count": 0
      },
      "bucket_shares": {
        "domain_share": 0.0,
        "filler_share": 0.0,
        "unverified_share": 1.0,
        "verified_share": 0.0
      },
      "claim_type": "calculation",
      "row_total": 2
    },
    {
      "bucket_counts": {
        "domain_count": 1,
        "filler_count": 0,
        "unverified_count": 12,
        "verified_count": 11
      },
      "bucket_shares": {
        "domain_share": 0.041666666666666664,
        "filler_share": 0.0,
        "unverified_share": 0.5,
        "verified_share": 0.4583333333333333
      },
      "claim_type": "citation",
      "row_total": 24
    },
    {
      "bucket_counts": {
        "domain_count": 21,
        "filler_count": 0,
        "unverified_count": 24,
        "verified_count": 0
      },
      "bucket_shares": {
        "domain_share": 0.4666666666666667,
        "filler_share": 0.0,
        "unverified_share": 0.5333333333333333,
        "verified_share": 0.0
      },
      "claim_type": "comparison",
      "row_total": 45
    },
    {
      "bucket_counts": {
        "domain_count": 0,
        "filler_count": 0,
        "unverified_count": 5,
        "verified_count": 0
      },
      "bucket_shares": {
        "domain_share": 0.0,
        "filler_share": 0.0,
        "unverified_share": 1.0,
        "verified_share": 0.0
      },
      "claim_type": "counting",
      "row_total": 5
    },
    {
      "bucket_counts": {
        "domain_count": 55,
        "filler_count": 0,
        "unverified_count": 1,
        "verified_count": 0
      },
      "bucket_shares": {
        "domain_share": 0.9821428571428571,
        "filler_share": 0.0,
        "unverified_share": 0.017857142857142856,
        "verified_share": 0.0
      },
      "claim_type": "domain_reasoning",
      "row_total": 56
    },
    {
      "bucket_counts": {
        "domain_count": 0,
        "filler_count": 0,
        "unverified_count": 77,
        "verified_count": 5
      },
      "bucket_shares": {
        "domain_share": 0.0,
        "filler_share": 0.0,
        "unverified_share": 0.9390243902439024,
        "verified_share": 0.06097560975609756
      },
      "claim_type": "exact_value",
      "row_total": 82
    },
    {
      "bucket_counts": {
        "domain_count": 0,
        "filler_count": 0,
        "unverified_count": 8,
        "verified_count": 6
      },
      "bucket_shares": {
        "domain_share": 0.0,
        "filler_share": 0.0,
        "unverified_share": 0.5714285714285714,
        "verified_share": 0.42857142857142855
      },
      "claim_type": "existence_absence",
      "row_total": 14
    },
    {
      "bucket_counts": {
        "domain_count": 0,
        "filler_count": 58,
        "unverified_count": 0,
        "verified_count": 0
      },
      "bucket_shares": {
        "domain_share": 0.0,
        "filler_share": 1.0,
        "unverified_share": 0.0,
        "verified_share": 0.0
      },
      "claim_type": "filler",
      "row_total": 58
    },
    {
      "bucket_counts": {
        "domain_count": 7,
        "filler_count": 0,
        "unverified_count": 3,
        "verified_count": 10
      },
      "bucket_shares": {
        "domain_share": 0.35,
        "filler_share": 0.0,
        "unverified_share": 0.15,
        "verified_share": 0.5
      },
      "claim_type": "listing",
      "row_total": 20
    },
    {
      "bucket_counts": {
        "domain_count": 35,
        "filler_count": 0,
        "unverified_count": 6,
        "verified_count": 7
      },
      "bucket_shares": {
        "domain_share": 0.7291666666666666,
        "filler_share": 0.0,
        "unverified_share": 0.125,
        "verified_share": 0.14583333333333334
      },
      "claim_type": "property_attribution",
      "row_total": 48
    },
    {
      "bucket_counts": {
        "domain_count": 0,
        "filler_count": 0,
        "unverified_count": 0,
        "verified_count": 1
      },
      "bucket_shares": {
        "domain_share": 0.0,
        "filler_share": 0.0,
        "unverified_share": 0.0,
        "verified_share": 1.0
      },
      "claim_type": "range",
      "row_total": 1
    },
    {
      "bucket_counts": {
        "domain_count": 9,
        "filler_count": 0,
        "unverified_count": 7,
        "verified_count": 1
      },
      "bucket_shares": {
        "domain_share": 0.5294117647058824,
        "filler_share": 0.0,
        "unverified_share": 0.4117647058823529,
        "verified_share": 0.058823529411764705
      },
      "claim_type": "trend",
      "row_total": 17
    }
  ],
  "claim_type_counts": {
    "calculation": 2,
    "citation": 24,
    "comparison": 45,
    "counting": 5,
    "domain_reasoning": 56,
    "exact_value": 82,
    "existence_absence": 14,
    "filler": 58,
    "listing": 20,
    "property_attribution": 48,
    "range": 1,
    "trend": 17
  },
  "claim_type_support_matrix": [
    {
      "claim_type": "calculation",
      "row_total": 2,
      "support_class_counts": {
        "direct": 0,
        "domain_knowledge": 0,
        "inferred": 0,
        "no_tool_data": 0,
        "unsupported": 2
      }
    },
    {
      "claim_type": "citation",
      "row_total": 24,
      "support_class_counts": {
        "direct": 3,
        "domain_knowledge": 1,
        "inferred": 8,
        "no_tool_data": 6,
        "unsupported": 6
      }
    },
    {
      "claim_type": "comparison",
      "row_total": 45,
      "support_class_counts": {
        "direct": 0,
        "domain_knowledge": 21,
        "inferred": 0,
        "no_tool_data": 0,
        "unsupported": 24
      }
    },
    {
      "claim_type": "counting",
      "row_total": 5,
      "support_class_counts": {
        "direct": 0,
        "domain_knowledge": 0,
        "inferred": 0,
        "no_tool_data": 0,
        "unsupported": 5
      }
    },
    {
      "claim_type": "domain_reasoning",
      "row_total": 56,
      "support_class_counts": {
        "direct": 0,
        "domain_knowledge": 55,
        "inferred": 0,
        "no_tool_data": 0,