{
  "batch_summary": {
    "best_vs_worst": {
      "best_batch": 3,
      "best_verified_share": 0.8421052631578947,
      "eval_mode": "provenance",
      "gap": 0.5709188224799286,
      "model": "claudeopus46",
      "n_batches": 5,
      "question_id": "Q1.2.3",
      "section": 1,
      "worst_batch": 1,
      "worst_verified_share": 0.2711864406779661
    },
    "canonical_agreement": {
      "jaccard_max": 1.0,
      "jaccard_mean": 0.5765140664961637,
      "jaccard_min": 0.12,
      "model": "claudeopus46",
      "n_batches": 5,
      "n_unique_union": 26,
      "question_id": "Q1.2.3"
    },
    "numeric_agreement": {
      "model": "claudeopus46",
      "n_batches": 5,
      "n_unique_numeric_tokens": 78,
      "question_id": "Q1.2.3",
      "share_in_all_batches": 0.038461538461538464,
      "share_in_ge2": 0.2948717948717949,
      "share_in_ge3": 0.1794871794871795,
      "share_in_ge4": 0.11538461538461539,
      "share_in_ge5": 0.038461538461538464
    },
    "stability": {
      "domain_mean": 0.19392051441691996,
      "domain_stdev": 0.08544093468154511,
      "eval_mode": "provenance",
      "filler_mean": 0.14604177665153276,
      "filler_stdev": 0.04244117142199436,
      "model": "claudeopus46",
      "n_batches": 5,
      "n_claims_max": 72,
      "n_claims_mean": 53.2,
      "n_claims_min": 41,
      "n_claims_stdev": 14.652644812456215,
      "question_id": "Q1.2.3",
      "section": 1,
      "stability_score": 0.8493817984953996,
      "unverified_mean": 0.2592746653354304,
      "unverified_stdev": 0.22230410823388014,
      "verified_mean": 0.5468048202476496,
      "verified_stdev": 0.25228659168098183
    }
  },
  "claim_type_bucket_matrix": [
    {
      "bucket_counts": {
        "domain_count": 0,
        "filler_count": 0,
        "unverified_count": 1,
        "verified_count": 0
      },
      "bucket_shares": {
        "domain_share": 0.0,
        "filler_share": 0.0,
        "unverified_share": 1.0,
        "verified_share": 0.0
      },
      "claim_type": "calculation",
      "row_total": 1
    },
    {
      "bucket_counts": {
        "domain_count": 1,
        "filler_count": 0,
        "unverified_count": 1,
        "verified_count": 7
      },
      "bucket_shares": {
        "domain_share": 0.1111111111111111,
        "filler_share": 0.0,
        "unverified_share": 0.1111111111111111,
        "verified_share": 0.7777777777777778
      },
      "claim_type": "citation",
      "row_total": 9
    },
    {
      "bucket_counts": {
        "domain_count": 1,
        "filler_count": 0,
        "unverified_count": 4,
        "verified_count": 5
      },
      "bucket_shares": {
        "domain_share": 0.1,
        "filler_share": 0.0,
        "unverified_share": 0.4,
        "verified_share": 0.5
      },
      "claim_type": "comparison",
      "row_total": 10
    },
    {
      "bucket_counts": {
        "domain_count": 1,
        "filler_count": 0,
        "unverified_count": 6,
        "verified_count": 18
      },
      "bucket_shares": {
        "domain_share": 0.04,
        "filler_share": 0.0,
        "unverified_share": 0.24,
        "verified_share": 0.72
      },
      "claim_type": "counting",
      "row_total": 25
    },
    {
      "bucket_counts": {
        "domain_count": 22,
        "filler_count": 0,
        "unverified_count": 0,
        "verified_count": 1
      },
      "bucket_shares": {
        "domain_share": 0.9565217391304348,
        "filler_share": 0.0,
        "unverified_share": 0.0,
        "verified_share": 0.043478260869565216
      },
      "claim_type": "domain_reasoning",
      "row_total": 23
    },
    {
      "bucket_counts": {
        "domain_count": 0,
        "filler_count": 0,
        "unverified_count": 35,
        "verified_count": 26
      },
      "bucket_shares": {
        "domain_share": 0.0,
        "filler_share": 0.0,
        "unverified_share": 0.5737704918032787,
        "verified_share": 0.4262295081967213
      },
      "claim_type": "exact_value",
      "row_total": 61
    },
    {
      "bucket_counts": {
        "domain_count": 0,
        "filler_count": 0,
        "unverified_count": 0,
        "verified_count": 3
      },
      "bucket_shares": {
        "domain_share": 0.0,
        "filler_share": 0.0,
        "unverified_share": 0.0,
        "verified_share": 1.0
      },
      "claim_type": "existence_absence",
      "row_total": 3
    },
    {
      "bucket_counts": {
        "domain_count": 0,
        "filler_count": 39,
        "unverified_count": 0,
        "verified_count": 0
      },
      "bucket_shares": {
        "domain_share": 0.0,
        "filler_share": 1.0,
        "unverified_share": 0.0,
        "verified_share": 0.0
      },
      "claim_type": "filler",
      "row_total": 39
    },
    {
      "bucket_counts": {
        "domain_count": 2,
        "filler_count": 0,
        "unverified_count": 0,
        "verified_count": 29
      },
      "bucket_shares": {
        "domain_share": 0.06451612903225806,
        "filler_share": 0.0,
        "unverified_share": 0.0,
        "verified_share": 0.9354838709677419
      },
      "claim_type": "listing",
      "row_total": 31
    },
    {
      "bucket_counts": {
        "domain_count": 12,
        "filler_count": 0,
        "unverified_count": 6,
        "verified_count": 23
      },
      "bucket_shares": {
        "domain_share": 0.2926829268292683,
        "filler_share": 0.0,
        "unverified_share": 0.14634146341463414,
        "verified_share": 0.5609756097560976
      },
      "claim_type": "property_attribution",
      "row_total": 41
    },
    {
      "bucket_counts": {
        "domain_count": 1,
        "filler_count": 0,
        "unverified_count": 4,
        "verified_count": 8
      },
      "bucket_shares": {
        "domain_share": 0.07692307692307693,
        "filler_share": 0.0,
        "unverified_share": 0.3076923076923077,
        "verified_share": 0.6153846153846154
      },
      "claim_type": "range",
      "row_total": 13
    },
    {
      "bucket_counts": {
        "domain_count": 6,
        "filler_count": 0,
        "unverified_count": 2,
        "verified_count": 2
      },
      "bucket_shares": {
        "domain_share": 0.6,
        "filler_share": 0.0,
        "unverified_share": 0.2,
        "verified_share": 0.2
      },
      "claim_type": "trend",
      "row_total": 10
    }
  ],
  "claim_type_counts": {
    "calculation": 1,
    "citation": 9,
    "comparison": 10,
    "counting": 25,
    "domain_reasoning": 23,
    "exact_value": 61,
    "existence_absence": 3,
    "filler": 39,
    "listing": 31,
    "property_attribution": 41,
    "range": 13,
    "trend": 10
  },
  "claim_type_support_matrix": [
    {
      "claim_type": "calculation",
      "row_total": 1,
      "support_class_counts": {
        "direct": 0,
        "domain_knowledge": 0,
        "inferred": 0,
        "no_tool_data": 0,
        "unsupported": 1
      }
    },
    {
      "claim_type": "citation",
      "row_total": 9,
      "support_class_counts": {
        "direct": 4,
        "domain_knowledge": 1,
        "inferred": 3,
        "no_tool_data": 0,
        "unsupported": 1
      }
    },
    {
      "claim_type": "comparison",
      "row_total": 10,
      "support_class_counts": {
        "direct": 0,
        "domain_knowledge": 1,
        "inferred": 5,
        "no_tool_data": 0,
        "unsupported": 4
      }
    },
    {
      "claim_type": "counting",
      "row_total": 25,
      "support_class_counts": {
        "direct": 11,
        "domain_knowledge": 1,
        "inferred": 7,
        "no_tool_data": 0,
        "unsupported": 6
      }
    },
    {
      "claim_type": "domain_reasoning",
      "row_total": 23,
      "support_class_counts": {
        "direct": 0,
        "domain_knowledge": 22,
        "inferred": 1,
        "no_tool_data": 0,
        "unsupported": 0
      }
    },
    {
      "claim_type": "exact_value",
      "row_total": 61,