major_section,verified,domain,unverified
1,0.8743455497382199,0.05759162303664921,0.06806282722513089
2,0.7213254035683943,0.1580288870008496,0.12064570943075616
3,0.5676205409643277,0.2293218345746766,0.20305762446099568
5.1,0.756544502617801,0.1256544502617801,0.11780104712041885
5.2,0.6708074534161491,0.19099378881987578,0.13819875776397517
