major_section,verified,domain,unverified
1,0.6341829085457271,0.175912043978011,0.18990504747626186
2,0.49816681943171404,0.2873510540788268,0.21448212648945922
3,0.4386220281416788,0.3032508491023775,0.25812712275594374
5.1,0.3756488909863143,0.26521944313355356,0.3591316658801321
5.2,0.4227405247813411,0.31681243926141883,0.26044703595724006
