major_section,verified,domain,unverified
1,0.7144600366076876,0.15436241610738255,0.13117754728492984
2,0.5134310134310134,0.27106227106227104,0.21550671550671552
3,0.3780350084697911,0.3015245623941276,0.3204404291360813
5.1,0.3634122287968442,0.2692307692307692,0.3673570019723866
5.2,0.4340175953079179,0.2932551319648094,0.2727272727272727
