model,exact_value,listing,range,comparison,counting,existence_absence,citation,trend,domain_reasoning,property_attribution,calculation,filler
claudeopus46,0.2619532044760936,0.04832146490335707,0.012207527975584944,0.1017293997965412,0.05137334689725331,0.020854526958290945,0.05137334689725331,0.011698880976602238,0.10681586978636826,0.1510681586978637,0.015768056968463885,0.16683621566632756
claudesonnet46,0.2668195718654434,0.05733944954128441,0.015672782874617736,0.08486238532110092,0.03669724770642202,0.015672782874617736,0.06230886850152905,0.013761467889908258,0.10550458715596331,0.15978593272171254,0.015672782874617736,0.1659021406727829
gpt5,0.21680564464400257,0.08659397049390635,0.013470173187940988,0.08274534958306606,0.030147530468248876,0.030788967286722257,0.09429121231558692,0.015394483643361129,0.045542014111610005,0.11802437459910199,0.021167415009621552,0.2450288646568313
gpt54,0.2927702219040802,0.049391553328561204,0.008589835361488905,0.0901932712956335,0.024337866857551897,0.04294917680744453,0.10307802433786686,0.01145311381531854,0.03650680028632784,0.07945597709377238,0.015032211882605583,0.2462419470293486
