model,exact_value,listing,range,comparison,counting,existence_absence,citation,trend,domain_reasoning,property_attribution,calculation,filler
claudeopus46,0.27983251919050944,0.048615957199348685,0.02721563154221912,0.06862060944405676,0.02372644801116539,0.01884159106769016,0.05140730402419167,0.026517794836008374,0.1125843219353338,0.13561293324028845,0.030937427308676435,0.17608746220051175
claudesonnet46,0.2801990049751244,0.06447761194029851,0.03164179104477612,0.05970149253731343,0.021492537313432834,0.018706467661691543,0.051940298507462686,0.02427860696517413,0.10388059701492537,0.13293532338308459,0.031044776119402984,0.17970149253731343
gpt5,0.13546160483175151,0.14035087719298245,0.025884383088869714,0.051481161921196436,0.017831463905665805,0.04486626402070751,0.0724762726488352,0.02559677883232672,0.06298533218291631,0.12223180903077366,0.03451251078515962,0.26632154155881504
gpt54,0.2624544349939247,0.07290400972053462,0.014175779667881734,0.06034831915755366,0.014985824220332119,0.056703118671526935,0.06561360874848117,0.03240178209801539,0.08302956662616444,0.0688537869582827,0.015795868772782502,0.25273390036452004
