model,exact_value,listing,range,comparison,counting,existence_absence,citation,trend,domain_reasoning,property_attribution,calculation,filler
claudeopus46,0.2612886859462202,0.0700152207001522,0.033992897006595635,0.0334855403348554,0.076103500761035,0.015728056823947234,0.09081684424150177,0.0182648401826484,0.08168442415017757,0.14408929477422627,0.0060882800608828,0.16844241501775747
claudesonnet46,0.2342857142857143,0.10204081632653061,0.029387755102040815,0.030612244897959183,0.07265306122448979,0.014285714285714285,0.09836734693877551,0.013469387755102041,0.07551020408163266,0.14326530612244898,0.002857142857142857,0.18326530612244898
gpt5,0.2184931506849315,0.12534246575342467,0.03493150684931507,0.01643835616438356,0.04794520547945205,0.026027397260273973,0.1541095890410959,0.019178082191780823,0.028767123287671233,0.10821917808219178,0.005479452054794521,0.21506849315068494
gpt54,0.3081081081081081,0.13745173745173744,0.021621621621621623,0.022393822393822392,0.05637065637065637,0.03552123552123552,0.11042471042471043,0.012355212355212355,0.033204633204633204,0.06177606177606178,0.0015444015444015444,0.19922779922779923
