major_section,exact_value,listing,range,comparison,counting,existence_absence,citation,trend,domain_reasoning,property_attribution,calculation,filler
1,0.2184931506849315,0.12534246575342467,0.03493150684931507,0.01643835616438356,0.04794520547945205,0.026027397260273973,0.1541095890410959,0.019178082191780823,0.028767123287671233,0.10821917808219178,0.005479452054794521,0.21506849315068494
2,0.21680564464400257,0.08659397049390635,0.013470173187940988,0.08274534958306606,0.030147530468248876,0.030788967286722257,0.09429121231558692,0.015394483643361129,0.045542014111610005,0.11802437459910199,0.021167415009621552,0.2450288646568313
3,0.13546160483175151,0.14035087719298245,0.025884383088869714,0.051481161921196436,0.017831463905665805,0.04486626402070751,0.0724762726488352,0.02559677883232672,0.06298533218291631,0.12223180903077366,0.03451251078515962,0.26632154155881504
5.1,0.30229419703103916,0.11201079622132254,0.018218623481781375,0.037112010796221326,0.016869095816464237,0.03508771929824561,0.06545209176788123,0.024291497975708502,0.044534412955465584,0.11740890688259109,0.0,0.22672064777327935
5.2,0.0694006309148265,0.14511041009463724,0.008412197686645636,0.006309148264984227,0.013669821240799159,0.20399579390115669,0.10620399579390116,0.0,0.030494216614090432,0.0935856992639327,0.0,0.3228180862250263
