major_section,claudeopus46,claudesonnet46,gpt5,gpt54
1,0.5823687218377263,0.5126241078713046,0.5241693457368591,0.7038447672234261
2,0.6177262109925742,0.576683202833757,0.5986806108196635,0.7034016909016909
3,0.584264330928634,0.5829159801766423,0.4100354208652726,0.49134128597830606
5.1,0.3510465134848248,0.33615508112998543,0.21771440622946828,0.32617912331907256
5.2,0.4597136176482583,0.5154773979890078,0.4381859698040235,0.4978412131029408
