model,exact_value,listing,range,comparison,counting,existence_absence,citation,trend,domain_reasoning,property_attribution,calculation,filler
claudeopus46,0.3912529550827423,0.542713567839196,0.2894736842105263,0.3023255813953488,0.5321100917431193,0.6,0.8688524590163934,0.0,0.010638297872340425,0.30994152046783624,0.047619047619047616,0.0
claudesonnet46,0.3492063492063492,0.6598360655737705,0.23404255319148937,0.32450331125827814,0.5145631067961165,0.7352941176470589,0.9264705882352942,0.2222222222222222,0.015544041450777202,0.3314121037463977,0.0,0.0
gpt5,0.8325892857142857,0.8253012048192772,0.9629629629629629,0.7454545454545455,0.76,0.9230769230769231,0.865979381443299,0.5833333333333334,0.12121212121212122,0.632183908045977,,0.0
gpt54,0.9181585677749361,0.8698412698412699,1.0,0.8395061728395061,0.9411764705882353,0.9247311827956989,0.8933333333333333,0.5714285714285714,0.11320754716981132,0.7876712328767124,1.0,0.0
