{
  "batch_summary": {
    "best_vs_worst": {
      "best_batch": 2,
      "best_verified_share": 0.5826086956521739,
      "eval_mode": "ambiguous",
      "gap": 0.20525020508613612,
      "model": "claudesonnet46",
      "n_batches": 5,
      "question_id": "Q5.1.3",
      "section": 5.1,
      "worst_batch": 4,
      "worst_verified_share": 0.37735849056603776
    },
    "canonical_agreement": {
      "jaccard_max": 0.717391304347826,
      "jaccard_mean": 0.4593134851436238,
      "jaccard_min": 0.3064516129032258,
      "model": "claudesonnet46",
      "n_batches": 5,
      "n_unique_union": 93,
      "question_id": "Q5.1.3"
    },
    "numeric_agreement": {
      "model": "claudesonnet46",
      "n_batches": 5,
      "n_unique_numeric_tokens": 73,
      "question_id": "Q5.1.3",
      "share_in_all_batches": 0.2602739726027397,
      "share_in_ge2": 0.6438356164383562,
      "share_in_ge3": 0.4520547945205479,
      "share_in_ge4": 0.3972602739726027,
      "share_in_ge5": 0.2602739726027397
    },
    "stability": {
      "domain_mean": 0.33432370059659655,
      "domain_stdev": 0.09538355234857705,
      "eval_mode": "ambiguous",
      "filler_mean": 0.18960178801775443,
      "filler_stdev": 0.02958850719392132,
      "model": "claudesonnet46",
      "n_batches": 5,
      "n_claims_max": 134,
      "n_claims_mean": 89.2,
      "n_claims_min": 66,
      "n_claims_stdev": 27.12379029560581,
      "question_id": "Q5.1.3",
      "section": 5.1,
      "stability_score": 0.9339271074532308,
      "unverified_mean": 0.19181164096631542,
      "unverified_stdev": 0.0652927511367516,
      "verified_mean": 0.47386465843708797,
      "verified_stdev": 0.07402675950782674
    }
  },
  "claim_type_bucket_matrix": [
    {
      "bucket_counts": {
        "domain_count": 0,
        "filler_count": 0,
        "unverified_count": 0,
        "verified_count": 0
      },
      "bucket_shares": {
        "domain_share": 0.0,
        "filler_share": 0.0,
        "unverified_share": 0.0,
        "verified_share": 0.0
      },
      "claim_type": "calculation",
      "row_total": 0
    },
    {
      "bucket_counts": {
        "domain_count": 0,
        "filler_count": 0,
        "unverified_count": 1,
        "verified_count": 14
      },
      "bucket_shares": {
        "domain_share": 0.0,
        "filler_share": 0.0,
        "unverified_share": 0.06666666666666667,
        "verified_share": 0.9333333333333333
      },
      "claim_type": "citation",
      "row_total": 15
    },
    {
      "bucket_counts": {
        "domain_count": 20,
        "filler_count": 0,
        "unverified_count": 7,
        "verified_count": 18
      },
      "bucket_shares": {
        "domain_share": 0.4444444444444444,
        "filler_share": 0.0,
        "unverified_share": 0.15555555555555556,
        "verified_share": 0.4
      },
      "claim_type": "comparison",
      "row_total": 45
    },
    {
      "bucket_counts": {
        "domain_count": 0,
        "filler_count": 0,
        "unverified_count": 4,
        "verified_count": 5
      },
      "bucket_shares": {
        "domain_share": 0.0,
        "filler_share": 0.0,
        "unverified_share": 0.4444444444444444,
        "verified_share": 0.5555555555555556
      },
      "claim_type": "counting",
      "row_total": 9
    },
    {
      "bucket_counts": {
        "domain_count": 34,
        "filler_count": 0,
        "unverified_count": 0,
        "verified_count": 0
      },
      "bucket_shares": {
        "domain_share": 1.0,
        "filler_share": 0.0,
        "unverified_share": 0.0,
        "verified_share": 0.0
      },
      "claim_type": "domain_reasoning",
      "row_total": 34
    },
    {
      "bucket_counts": {
        "domain_count": 4,
        "filler_count": 0,
        "unverified_count": 46,
        "verified_count": 85
      },
      "bucket_shares": {
        "domain_share": 0.02962962962962963,
        "filler_share": 0.0,
        "unverified_share": 0.34074074074074073,
        "verified_share": 0.6296296296296297
      },
      "claim_type": "exact_value",
      "row_total": 135
    },
    {
      "bucket_counts": {
        "domain_count": 0,
        "filler_count": 0,
        "unverified_count": 0,
        "verified_count": 3
      },
      "bucket_shares": {
        "domain_share": 0.0,
        "filler_share": 0.0,
        "unverified_share": 0.0,
        "verified_share": 1.0
      },
      "claim_type": "existence_absence",
      "row_total": 3
    },
    {
      "bucket_counts": {
        "domain_count": 0,
        "filler_count": 82,
        "unverified_count": 0,
        "verified_count": 0
      },
      "bucket_shares": {
        "domain_share": 0.0,
        "filler_share": 1.0,
        "unverified_share": 0.0,
        "verified_share": 0.0
      },
      "claim_type": "filler",
      "row_total": 82
    },
    {
      "bucket_counts": {
        "domain_count": 12,
        "filler_count": 0,
        "unverified_count": 7,
        "verified_count": 26
      },
      "bucket_shares": {
        "domain_share": 0.26666666666666666,
        "filler_share": 0.0,
        "unverified_share": 0.15555555555555556,
        "verified_share": 0.5777777777777777
      },
      "claim_type": "listing",
      "row_total": 45
    },
    {
      "bucket_counts": {
        "domain_count": 41,
        "filler_count": 0,
        "unverified_count": 4,
        "verified_count": 24
      },
      "bucket_shares": {
        "domain_share": 0.5942028985507246,
        "filler_share": 0.0,
        "unverified_share": 0.057971014492753624,
        "verified_share": 0.34782608695652173
      },
      "claim_type": "property_attribution",
      "row_total": 69
    },
    {
      "bucket_counts": {
        "domain_count": 2,
        "filler_count": 0,
        "unverified_count": 2,
        "verified_count": 4
      },
      "bucket_shares": {
        "domain_share": 0.25,
        "filler_share": 0.0,
        "unverified_share": 0.25,
        "verified_share": 0.5
      },
      "claim_type": "range",
      "row_total": 8
    },
    {
      "bucket_counts": {
        "domain_count": 0,
        "filler_count": 0,
        "unverified_count": 1,
        "verified_count": 0
      },
      "bucket_shares": {
        "domain_share": 0.0,
        "filler_share": 0.0,
        "unverified_share": 1.0,
        "verified_share": 0.0
      },
      "claim_type": "trend",
      "row_total": 1
    }
  ],
  "claim_type_counts": {
    "calculation": 0,
    "citation": 15,
    "comparison": 45,
    "counting": 9,
    "domain_reasoning": 34,
    "exact_value": 135,
    "existence_absence": 3,
    "filler": 82,
    "listing": 45,
    "property_attribution": 69,
    "range": 8,
    "trend": 1
  },
  "claim_type_support_matrix": [
    {
      "claim_type": "calculation",
      "row_total": 0,
      "support_class_counts": {
        "direct": 0,
        "domain_knowledge": 0,
        "inferred": 0,
        "no_tool_data": 0,
        "unsupported": 0
      }
    },
    {
      "claim_type": "citation",
      "row_total": 15,
      "support_class_counts": {
        "direct": 9,
        "domain_knowledge": 0,
        "inferred": 5,
        "no_tool_data": 1,
        "unsupported": 0
      }
    },
    {
      "claim_type": "comparison",
      "row_total": 45,
      "support_class_counts": {
        "direct": 0,
        "domain_knowledge": 20,
        "inferred": 18,
        "no_tool_data": 2,
        "unsupported": 5
      }
    },
    {
      "claim_type": "counting",
      "row_total": 9,
      "support_class_counts": {
        "direct": 4,
        "domain_knowledge": 0,
        "inferred": 1,
        "no_tool_data": 0,
        "unsupported": 4
      }
    },
    {
      "claim_type": "domain_reasoning",
      "row_total": 34,
      "support_class_counts": {
        "direct": 0,
        "domain_knowledge": 34,
        "inferred": 0,
        "no_tool_data": 0,
        "unsupported": 0
      }
    },
    {
      "claim_type": "exact_value",