{
  "batch_summary": {
    "best_vs_worst": {
      "best_batch": 3,
      "best_verified_share": 0.6410256410256411,
      "eval_mode": "comparison",
      "gap": 0.5758082497212933,
      "model": "claudesonnet46",
      "n_batches": 5,
      "question_id": "Q2.1.6",
      "section": 2,
      "worst_batch": 4,
      "worst_verified_share": 0.06521739130434782
    },
    "canonical_agreement": {
      "jaccard_max": 1.0,
      "jaccard_mean": 0.5092391304347826,
      "jaccard_min": 0.2,
      "model": "claudesonnet46",
      "n_batches": 5,
      "n_unique_union": 23,
      "question_id": "Q2.1.6"
    },
    "numeric_agreement": {
      "model": "claudesonnet46",
      "n_batches": 5,
      "n_unique_numeric_tokens": 58,
      "question_id": "Q2.1.6",
      "share_in_all_batches": 0.05172413793103448,
      "share_in_ge2": 0.2413793103448276,
      "share_in_ge3": 0.08620689655172414,
      "share_in_ge4": 0.05172413793103448,
      "share_in_ge5": 0.05172413793103448
    },
    "stability": {
      "domain_mean": 0.4198978454257958,
      "domain_stdev": 0.14109396401707996,
      "eval_mode": "comparison",
      "filler_mean": 0.12350856484118027,
      "filler_stdev": 0.01690302010729471,
      "model": "claudesonnet46",
      "n_batches": 5,
      "n_claims_max": 57,
      "n_claims_mean": 50.2,
      "n_claims_min": 45,
      "n_claims_stdev": 4.868264577855234,
      "question_id": "Q2.1.6",
      "section": 2,
      "stability_score": 0.8627064956904232,
      "unverified_mean": 0.3472164584897504,
      "unverified_stdev": 0.15568613273232634,
      "verified_mean": 0.23288569608445386,
      "verified_stdev": 0.23549090038160603
    }
  },
  "claim_type_bucket_matrix": [
    {
      "bucket_counts": {
        "domain_count": 0,
        "filler_count": 0,
        "unverified_count": 6,
        "verified_count": 1
      },
      "bucket_shares": {
        "domain_share": 0.0,
        "filler_share": 0.0,
        "unverified_share": 0.8571428571428571,
        "verified_share": 0.14285714285714285
      },
      "claim_type": "calculation",
      "row_total": 7
    },
    {
      "bucket_counts": {
        "domain_count": 2,
        "filler_count": 0,
        "unverified_count": 7,
        "verified_count": 12
      },
      "bucket_shares": {
        "domain_share": 0.09523809523809523,
        "filler_share": 0.0,
        "unverified_share": 0.3333333333333333,
        "verified_share": 0.5714285714285714
      },
      "claim_type": "citation",
      "row_total": 21
    },
    {
      "bucket_counts": {
        "domain_count": 12,
        "filler_count": 0,
        "unverified_count": 14,
        "verified_count": 6
      },
      "bucket_shares": {
        "domain_share": 0.375,
        "filler_share": 0.0,
        "unverified_share": 0.4375,
        "verified_share": 0.1875
      },
      "claim_type": "comparison",
      "row_total": 32
    },
    {
      "bucket_counts": {
        "domain_count": 0,
        "filler_count": 0,
        "unverified_count": 0,
        "verified_count": 2
      },
      "bucket_shares": {
        "domain_share": 0.0,
        "filler_share": 0.0,
        "unverified_share": 0.0,
        "verified_share": 1.0
      },
      "claim_type": "counting",
      "row_total": 2
    },
    {
      "bucket_counts": {
        "domain_count": 24,
        "filler_count": 0,
        "unverified_count": 0,
        "verified_count": 1
      },
      "bucket_shares": {
        "domain_share": 0.96,
        "filler_share": 0.0,
        "unverified_share": 0.0,
        "verified_share": 0.04
      },
      "claim_type": "domain_reasoning",
      "row_total": 25
    },
    {
      "bucket_counts": {
        "domain_count": 0,
        "filler_count": 0,
        "unverified_count": 38,
        "verified_count": 11
      },
      "bucket_shares": {
        "domain_share": 0.0,
        "filler_share": 0.0,
        "unverified_share": 0.7755102040816326,
        "verified_share": 0.22448979591836735
      },
      "claim_type": "exact_value",
      "row_total": 49
    },
    {
      "bucket_counts": {
        "domain_count": 0,
        "filler_count": 0,
        "unverified_count": 3,
        "verified_count": 4
      },
      "bucket_shares": {
        "domain_share": 0.0,
        "filler_share": 0.0,
        "unverified_share": 0.42857142857142855,
        "verified_share": 0.5714285714285714
      },
      "claim_type": "existence_absence",
      "row_total": 7
    },
    {
      "bucket_counts": {
        "domain_count": 0,
        "filler_count": 31,
        "unverified_count": 0,
        "verified_count": 0
      },
      "bucket_shares": {
        "domain_share": 0.0,
        "filler_share": 1.0,
        "unverified_share": 0.0,
        "verified_share": 0.0
      },
      "claim_type": "filler",
      "row_total": 31
    },
    {
      "bucket_counts": {
        "domain_count": 4,
        "filler_count": 0,
        "unverified_count": 1,
        "verified_count": 2
      },
      "bucket_shares": {
        "domain_share": 0.5714285714285714,
        "filler_share": 0.0,
        "unverified_share": 0.14285714285714285,
        "verified_share": 0.2857142857142857
      },
      "claim_type": "listing",
      "row_total": 7
    },
    {
      "bucket_counts": {
        "domain_count": 50,
        "filler_count": 0,
        "unverified_count": 6,
        "verified_count": 7
      },
      "bucket_shares": {
        "domain_share": 0.7936507936507936,
        "filler_share": 0.0,
        "unverified_share": 0.09523809523809523,
        "verified_share": 0.1111111111111111
      },
      "claim_type": "property_attribution",
      "row_total": 63
    },
    {
      "bucket_counts": {
        "domain_count": 0,
        "filler_count": 0,
        "unverified_count": 2,
        "verified_count": 3
      },
      "bucket_shares": {
        "domain_share": 0.0,
        "filler_share": 0.0,
        "unverified_share": 0.4,
        "verified_share": 0.6
      },
      "claim_type": "range",
      "row_total": 5
    },
    {
      "bucket_counts": {
        "domain_count": 1,
        "filler_count": 0,
        "unverified_count": 1,
        "verified_count": 0
      },
      "bucket_shares": {
        "domain_share": 0.5,
        "filler_share": 0.0,
        "unverified_share": 0.5,
        "verified_share": 0.0
      },
      "claim_type": "trend",
      "row_total": 2
    }
  ],
  "claim_type_counts": {
    "calculation": 7,
    "citation": 21,
    "comparison": 32,
    "counting": 2,
    "domain_reasoning": 25,
    "exact_value": 49,
    "existence_absence": 7,
    "filler": 31,
    "listing": 7,
    "property_attribution": 63,
    "range": 5,
    "trend": 2
  },
  "claim_type_support_matrix": [
    {
      "claim_type": "calculation",
      "row_total": 7,
      "support_class_counts": {
        "direct": 0,
        "domain_knowledge": 0,
        "inferred": 1,
        "no_tool_data": 0,
        "unsupported": 6
      }
    },
    {
      "claim_type": "citation",
      "row_total": 21,
      "support_class_counts": {
        "direct": 5,
        "domain_knowledge": 2,
        "inferred": 7,
        "no_tool_data": 0,
        "unsupported": 7
      }
    },
    {
      "claim_type": "comparison",
      "row_total": 32,
      "support_class_counts": {
        "direct": 0,
        "domain_knowledge": 12,
        "inferred": 6,
        "no_tool_data": 0,
        "unsupported": 14
      }
    },
    {
      "claim_type": "counting",
      "row_total": 2,
      "support_class_counts": {
        "direct": 1,
        "domain_knowledge": 0,
        "inferred": 1,
        "no_tool_data": 0,
        "unsupported": 0
      }
    },
    {
      "claim_type": "domain_reasoning",
      "row_total": 25,
      "support_class_counts": {
        "direct": 0,
        "domain_knowledge": 24,
        "inferred": 1,
        "no_tool_data": 0,
        "unsupported": 0
      }
    },
    {
      "claim_type": "exact_value",
      "row_total": 49,