{
  "batch_summary": {
    "best_vs_worst": {
      "best_batch": 1,
      "best_verified_share": 0.8518518518518519,
      "eval_mode": "thermo_reasoning",
      "gap": 0.13756613756613756,
      "model": "gpt54",
      "n_batches": 5,
      "question_id": "Q3.2.1",
      "section": 3,
      "worst_batch": 2,
      "worst_verified_share": 0.7142857142857143
    },
    "canonical_agreement": {
      "jaccard_max": 1.0,
      "jaccard_mean": 0.5441558441558441,
      "jaccard_min": 0.2727272727272727,
      "model": "gpt54",
      "n_batches": 5,
      "n_unique_union": 22,
      "question_id": "Q3.2.1"
    },
    "numeric_agreement": {
      "model": "gpt54",
      "n_batches": 5,
      "n_unique_numeric_tokens": 54,
      "question_id": "Q3.2.1",
      "share_in_all_batches": 0.07407407407407407,
      "share_in_ge2": 0.5740740740740741,
      "share_in_ge3": 0.16666666666666666,
      "share_in_ge4": 0.09259259259259259,
      "share_in_ge5": 0.07407407407407407
    },
    "stability": {
      "domain_mean": 0.19285714285714284,
      "domain_stdev": 0.04021251043335735,
      "eval_mode": "thermo_reasoning",
      "filler_mean": 0.31164835164835164,
      "filler_stdev": 0.0556495736006125,
      "model": "gpt54",
      "n_batches": 5,
      "n_claims_max": 48,
      "n_claims_mean": 38.4,
      "n_claims_min": 28,
      "n_claims_stdev": 7.503332592921628,
      "question_id": "Q3.2.1",
      "section": 3,
      "stability_score": 0.9540655080842186,
      "unverified_mean": 0.04646164021164021,
      "unverified_stdev": 0.031058700325210204,
      "verified_mean": 0.7606812169312169,
      "verified_stdev": 0.05681718330394516
    }
  },
  "claim_type_bucket_matrix": [
    {
      "bucket_counts": {
        "domain_count": 11,
        "filler_count": 0,
        "unverified_count": 0,
        "verified_count": 0
      },
      "bucket_shares": {
        "domain_share": 1.0,
        "filler_share": 0.0,
        "unverified_share": 0.0,
        "verified_share": 0.0
      },
      "claim_type": "calculation",
      "row_total": 11
    },
    {
      "bucket_counts": {
        "domain_count": 0,
        "filler_count": 0,
        "unverified_count": 1,
        "verified_count": 11
      },
      "bucket_shares": {
        "domain_share": 0.0,
        "filler_share": 0.0,
        "unverified_share": 0.08333333333333333,
        "verified_share": 0.9166666666666666
      },
      "claim_type": "citation",
      "row_total": 12
    },
    {
      "bucket_counts": {
        "domain_count": 0,
        "filler_count": 0,
        "unverified_count": 3,
        "verified_count": 3
      },
      "bucket_shares": {
        "domain_share": 0.0,
        "filler_share": 0.0,
        "unverified_share": 0.5,
        "verified_share": 0.5
      },
      "claim_type": "comparison",
      "row_total": 6
    },
    {
      "bucket_counts": {
        "domain_count": 0,
        "filler_count": 0,
        "unverified_count": 0,
        "verified_count": 0
      },
      "bucket_shares": {
        "domain_share": 0.0,
        "filler_share": 0.0,
        "unverified_share": 0.0,
        "verified_share": 0.0
      },
      "claim_type": "counting",
      "row_total": 0
    },
    {
      "bucket_counts": {
        "domain_count": 14,
        "filler_count": 0,
        "unverified_count": 0,
        "verified_count": 1
      },
      "bucket_shares": {
        "domain_share": 0.9333333333333333,
        "filler_share": 0.0,
        "unverified_share": 0.0,
        "verified_share": 0.06666666666666667
      },
      "claim_type": "domain_reasoning",
      "row_total": 15
    },
    {
      "bucket_counts": {
        "domain_count": 0,
        "filler_count": 0,
        "unverified_count": 2,
        "verified_count": 52
      },
      "bucket_shares": {
        "domain_share": 0.0,
        "filler_share": 0.0,
        "unverified_share": 0.037037037037037035,
        "verified_share": 0.9629629629629629
      },
      "claim_type": "exact_value",
      "row_total": 54
    },
    {
      "bucket_counts": {
        "domain_count": 0,
        "filler_count": 0,
        "unverified_count": 0,
        "verified_count": 8
      },
      "bucket_shares": {
        "domain_share": 0.0,
        "filler_share": 0.0,
        "unverified_share": 0.0,
        "verified_share": 1.0
      },
      "claim_type": "existence_absence",
      "row_total": 8
    },
    {
      "bucket_counts": {
        "domain_count": 0,
        "filler_count": 60,
        "unverified_count": 0,
        "verified_count": 0
      },
      "bucket_shares": {
        "domain_share": 0.0,
        "filler_share": 1.0,
        "unverified_share": 0.0,
        "verified_share": 0.0
      },
      "claim_type": "filler",
      "row_total": 60
    },
    {
      "bucket_counts": {
        "domain_count": 0,
        "filler_count": 0,
        "unverified_count": 0,
        "verified_count": 13
      },
      "bucket_shares": {
        "domain_share": 0.0,
        "filler_share": 0.0,
        "unverified_share": 0.0,
        "verified_share": 1.0
      },
      "claim_type": "listing",
      "row_total": 13
    },
    {
      "bucket_counts": {
        "domain_count": 1,
        "filler_count": 0,
        "unverified_count": 0,
        "verified_count": 10
      },
      "bucket_shares": {
        "domain_share": 0.09090909090909091,
        "filler_share": 0.0,
        "unverified_share": 0.0,
        "verified_share": 0.9090909090909091
      },
      "claim_type": "property_attribution",
      "row_total": 11
    },
    {
      "bucket_counts": {
        "domain_count": 0,
        "filler_count": 0,
        "unverified_count": 0,
        "verified_count": 1
      },
      "bucket_shares": {
        "domain_share": 0.0,
        "filler_share": 0.0,
        "unverified_share": 0.0,
        "verified_share": 1.0
      },
      "claim_type": "range",
      "row_total": 1
    },
    {
      "bucket_counts": {
        "domain_count": 0,
        "filler_count": 0,
        "unverified_count": 0,
        "verified_count": 1
      },
      "bucket_shares": {
        "domain_share": 0.0,
        "filler_share": 0.0,
        "unverified_share": 0.0,
        "verified_share": 1.0
      },
      "claim_type": "trend",
      "row_total": 1
    }
  ],
  "claim_type_counts": {
    "calculation": 11,
    "citation": 12,
    "comparison": 6,
    "counting": 0,
    "domain_reasoning": 15,
    "exact_value": 54,
    "existence_absence": 8,
    "filler": 60,
    "listing": 13,
    "property_attribution": 11,
    "range": 1,
    "trend": 1
  },
  "claim_type_support_matrix": [
    {
      "claim_type": "calculation",
      "row_total": 11,
      "support_class_counts": {
        "direct": 0,
        "domain_knowledge": 11,
        "inferred": 0,
        "no_tool_data": 0,
        "unsupported": 0
      }
    },
    {
      "claim_type": "citation",
      "row_total": 12,
      "support_class_counts": {
        "direct": 7,
        "domain_knowledge": 0,
        "inferred": 4,
        "no_tool_data": 0,
        "unsupported": 1
      }
    },
    {
      "claim_type": "comparison",
      "row_total": 6,
      "support_class_counts": {
        "direct": 0,
        "domain_knowledge": 0,
        "inferred": 3,
        "no_tool_data": 0,
        "unsupported": 3
      }
    },
    {
      "claim_type": "counting",
      "row_total": 0,
      "support_class_counts": {
        "direct": 0,
        "domain_knowledge": 0,
        "inferred": 0,
        "no_tool_data": 0,
        "unsupported": 0
      }
    },
    {
      "claim_type": "domain_reasoning",
      "row_total": 15,
      "support_class_counts": {
        "direct": 1,
        "domain_knowledge": 14,
        "inferred": 0,
        "no_tool_data": 0,
        "unsupported": 0
      }
    },
    {
      "claim_type": "exact_value",
      "row_total": 54,
      "support_class_counts": {
        "direct": 39,
        "domain_knowledge": 0,
        "inferred": 13,