{
  "batch_summary": {
    "best_vs_worst": {
      "best_batch": 2,
      "best_verified_share": 0.9230769230769231,
      "eval_mode": "comparison",
      "gap": 0.6611721611721613,
      "model": "claudesonnet46",
      "n_batches": 5,
      "question_id": "Q2.1.4",
      "section": 2,
      "worst_batch": 1,
      "worst_verified_share": 0.2619047619047619
    },
    "canonical_agreement": {
      "jaccard_max": 0.9565217391304348,
      "jaccard_mean": 0.5639396754614145,
      "jaccard_min": 0.14814814814814814,
      "model": "claudesonnet46",
      "n_batches": 5,
      "n_unique_union": 27,
      "question_id": "Q2.1.4"
    },
    "numeric_agreement": {
      "model": "claudesonnet46",
      "n_batches": 5,
      "n_unique_numeric_tokens": 51,
      "question_id": "Q2.1.4",
      "share_in_all_batches": 0.058823529411764705,
      "share_in_ge2": 0.5490196078431373,
      "share_in_ge3": 0.37254901960784315,
      "share_in_ge4": 0.29411764705882354,
      "share_in_ge5": 0.058823529411764705
    },
    "stability": {
      "domain_mean": 0.19309601395609097,
      "domain_stdev": 0.09758051822761571,
      "eval_mode": "comparison",
      "filler_mean": 0.17403460859861367,
      "filler_stdev": 0.03258407645284992,
      "model": "claudesonnet46",
      "n_batches": 5,
      "n_claims_max": 61,
      "n_claims_mean": 51.8,
      "n_claims_min": 46,
      "n_claims_stdev": 5.805170109479997,
      "question_id": "Q2.1.4",
      "section": 2,
      "stability_score": 0.861192137116719,
      "unverified_mean": 0.10546605726323313,
      "unverified_stdev": 0.16986328829139655,
      "verified_mean": 0.7014379287806759,
      "verified_stdev": 0.2552035685612616
    }
  },
  "claim_type_bucket_matrix": [
    {
      "bucket_counts": {
        "domain_count": 0,
        "filler_count": 0,
        "unverified_count": 1,
        "verified_count": 1
      },
      "bucket_shares": {
        "domain_share": 0.0,
        "filler_share": 0.0,
        "unverified_share": 0.5,
        "verified_share": 0.5
      },
      "claim_type": "calculation",
      "row_total": 2
    },
    {
      "bucket_counts": {
        "domain_count": 1,
        "filler_count": 0,
        "unverified_count": 0,
        "verified_count": 12
      },
      "bucket_shares": {
        "domain_share": 0.07692307692307693,
        "filler_share": 0.0,
        "unverified_share": 0.0,
        "verified_share": 0.9230769230769231
      },
      "claim_type": "citation",
      "row_total": 13
    },
    {
      "bucket_counts": {
        "domain_count": 9,
        "filler_count": 0,
        "unverified_count": 3,
        "verified_count": 14
      },
      "bucket_shares": {
        "domain_share": 0.34615384615384615,
        "filler_share": 0.0,
        "unverified_share": 0.11538461538461539,
        "verified_share": 0.5384615384615384
      },
      "claim_type": "comparison",
      "row_total": 26
    },
    {
      "bucket_counts": {
        "domain_count": 0,
        "filler_count": 0,
        "unverified_count": 0,
        "verified_count": 2
      },
      "bucket_shares": {
        "domain_share": 0.0,
        "filler_share": 0.0,
        "unverified_share": 0.0,
        "verified_share": 1.0
      },
      "claim_type": "counting",
      "row_total": 2
    },
    {
      "bucket_counts": {
        "domain_count": 11,
        "filler_count": 0,
        "unverified_count": 0,
        "verified_count": 3
      },
      "bucket_shares": {
        "domain_share": 0.7857142857142857,
        "filler_share": 0.0,
        "unverified_share": 0.0,
        "verified_share": 0.21428571428571427
      },
      "claim_type": "domain_reasoning",
      "row_total": 14
    },
    {
      "bucket_counts": {
        "domain_count": 0,
        "filler_count": 0,
        "unverified_count": 13,
        "verified_count": 57
      },
      "bucket_shares": {
        "domain_share": 0.0,
        "filler_share": 0.0,
        "unverified_share": 0.18571428571428572,
        "verified_share": 0.8142857142857143
      },
      "claim_type": "exact_value",
      "row_total": 70
    },
    {
      "bucket_counts": {
        "domain_count": 0,
        "filler_count": 0,
        "unverified_count": 0,
        "verified_count": 1
      },
      "bucket_shares": {
        "domain_share": 0.0,
        "filler_share": 0.0,
        "unverified_share": 0.0,
        "verified_share": 1.0
      },
      "claim_type": "existence_absence",
      "row_total": 1
    },
    {
      "bucket_counts": {
        "domain_count": 0,
        "filler_count": 45,
        "unverified_count": 0,
        "verified_count": 0
      },
      "bucket_shares": {
        "domain_share": 0.0,
        "filler_share": 1.0,
        "unverified_share": 0.0,
        "verified_share": 0.0
      },
      "claim_type": "filler",
      "row_total": 45
    },
    {
      "bucket_counts": {
        "domain_count": 1,
        "filler_count": 0,
        "unverified_count": 2,
        "verified_count": 12
      },
      "bucket_shares": {
        "domain_share": 0.06666666666666667,
        "filler_share": 0.0,
        "unverified_share": 0.13333333333333333,
        "verified_share": 0.8
      },
      "claim_type": "listing",
      "row_total": 15
    },
    {
      "bucket_counts": {
        "domain_count": 17,
        "filler_count": 0,
        "unverified_count": 3,
        "verified_count": 38
      },
      "bucket_shares": {
        "domain_share": 0.29310344827586204,
        "filler_share": 0.0,
        "unverified_share": 0.05172413793103448,
        "verified_share": 0.6551724137931034
      },
      "claim_type": "property_attribution",
      "row_total": 58
    },
    {
      "bucket_counts": {
        "domain_count": 1,
        "filler_count": 0,
        "unverified_count": 0,
        "verified_count": 10
      },
      "bucket_shares": {
        "domain_share": 0.09090909090909091,
        "filler_share": 0.0,
        "unverified_share": 0.0,
        "verified_share": 0.9090909090909091
      },
      "claim_type": "range",
      "row_total": 11
    },
    {
      "bucket_counts": {
        "domain_count": 0,
        "filler_count": 0,
        "unverified_count": 0,
        "verified_count": 2
      },
      "bucket_shares": {
        "domain_share": 0.0,
        "filler_share": 0.0,
        "unverified_share": 0.0,
        "verified_share": 1.0
      },
      "claim_type": "trend",
      "row_total": 2
    }
  ],
  "claim_type_counts": {
    "calculation": 2,
    "citation": 13,
    "comparison": 26,
    "counting": 2,
    "domain_reasoning": 14,
    "exact_value": 70,
    "existence_absence": 1,
    "filler": 45,
    "listing": 15,
    "property_attribution": 58,
    "range": 11,
    "trend": 2
  },
  "claim_type_support_matrix": [
    {
      "claim_type": "calculation",
      "row_total": 2,
      "support_class_counts": {
        "direct": 0,
        "domain_knowledge": 0,
        "inferred": 1,
        "no_tool_data": 0,
        "unsupported": 1
      }
    },
    {
      "claim_type": "citation",
      "row_total": 13,
      "support_class_counts": {
        "direct": 9,
        "domain_knowledge": 1,
        "inferred": 3,
        "no_tool_data": 0,
        "unsupported": 0
      }
    },
    {
      "claim_type": "comparison",
      "row_total": 26,
      "support_class_counts": {
        "direct": 0,
        "domain_knowledge": 9,
        "inferred": 14,
        "no_tool_data": 0,
        "unsupported": 3
      }
    },
    {
      "claim_type": "counting",
      "row_total": 2,
      "support_class_counts": {
        "direct": 2,
        "domain_knowledge": 0,
        "inferred": 0,
        "no_tool_data": 0,
        "unsupported": 0
      }
    },
    {
      "claim_type": "domain_reasoning",
      "row_total": 14,
      "support_class_counts": {
        "direct": 0,
        "domain_knowledge": 11,
        "inferred": 3,
        "no_tool_data": 0,