model,run_presence_rate,mean_rounds_per_run,selected_rounds_eligible_for_next_context,selected_rounds_with_next_context,selected_next_context_coverage_rate,selected_context_chars_mean,selected_next_context_chars_mean,context_chars_mean,selected_context_turns_mean,selected_next_context_turns_mean,context_turns_mean
claudeopus46,0.9894736842105263,4.757894736842105,167,43,0.25748502994011974,51485.58139534884,52653.51162790698,24686.9124668435,64.06976744186046,67.88372093023256,31.848806366047747
claudesonnet46,1.0,4.685714285714286,198,32,0.16161616161616163,11299.90625,11096.5625,11368.195718654435,15.125,18.0,14.99388379204893
gpt5,0.9964285714285714,4.603571428571429,244,53,0.21721311475409835,11539.811320754718,8944.811320754718,14151.254010695187,13.377358490566039,16.81132075471698,18.43850267379679
gpt54,0.993006993006993,5.786713286713287,374,210,0.5614973262032086,22380.966666666667,19988.152380952382,16160.675306957708,21.695238095238096,25.914285714285715,19.79399727148704
