model,triggered_rounds,normal_run_triggered_rounds,none_rounds,l0_no_match_rounds,runs_with_triggered_compaction,run_trigger_rate,runs_with_triggered_success,triggered_success_run_rate
claudeopus46,209,128,168,230,130,0.45614035087719296,52,0.1824561403508772
claudesonnet46,198,123,129,219,174,0.6214285714285714,102,0.36428571428571427
gpt5,244,126,130,236,201,0.7178571428571429,100,0.35714285714285715
gpt54,382,165,351,253,189,0.6608391608391608,96,0.3356643356643357
