major_section,warning_threshold_sec,claudeopus46_total_mean_sec,claudeopus46_planning_mean_sec,claudesonnet46_total_mean_sec,claudesonnet46_planning_mean_sec,gpt5_total_mean_sec,gpt5_planning_mean_sec,gpt54_total_mean_sec,gpt54_planning_mean_sec
1,600.0,913.9818181818182,494.90909090909093,898.1818181818181,465.23636363636365,948.3818181818182,271.5090909090909,164.38181818181818,96.0
2,600.0,876.9333333333333,452.5,890.2333333333333,481.31666666666666,1059.2333333333333,365.75,196.81666666666666,108.73333333333333
3,600.0,1150.0714285714287,585.5714285714286,1069.4714285714285,516.7428571428571,1466.3188405797102,491.71014492753625,321.15714285714284,140.0142857142857
4,600.0,1332.7428571428572,761.2,1282.3142857142857,693.2285714285714,2024.2285714285715,623.7714285714286,501.2857142857143,203.4857142857143
5.1,600.0,1112.0,657.7666666666667,1147.2333333333333,586.9,1517.7666666666667,491.56666666666666,312.96666666666664,142.1
5.2,600.0,544.7,399.8666666666667,695.9333333333333,427.1,896.6666666666666,346.1333333333333,151.33333333333334,107.7
?,600.0,3542.6,2609.0,,,,,345.8333333333333,53.666666666666664
