tool,claudeopus46,claudesonnet46,gpt5,gpt54
0_plan_search_strategy,34.625,37.20765765765766,41.32314049586777,35.687636363636365
