{
  "batch_summary": {
    "best_vs_worst": {
      "best_batch": 5,
      "best_verified_share": 0.7045454545454546,
      "eval_mode": "thermo_reasoning",
      "gap": 0.08454545454545459,
      "model": "claudesonnet46",
      "n_batches": 5,
      "question_id": "Q3.2.5",
      "section": 3,
      "worst_batch": 1,
      "worst_verified_share": 0.62
    },
    "canonical_agreement": {
      "jaccard_max": 1.0,
      "jaccard_mean": 0.8153846153846154,
      "jaccard_min": 0.5384615384615384,
      "model": "claudesonnet46",
      "n_batches": 5,
      "n_unique_union": 13,
      "question_id": "Q3.2.5"
    },
    "numeric_agreement": {
      "model": "claudesonnet46",
      "n_batches": 5,
      "n_unique_numeric_tokens": 52,
      "question_id": "Q3.2.5",
      "share_in_all_batches": 0.19230769230769232,
      "share_in_ge2": 0.6538461538461539,
      "share_in_ge3": 0.5384615384615384,
      "share_in_ge4": 0.40384615384615385,
      "share_in_ge5": 0.19230769230769232
    },
    "stability": {
      "domain_mean": 0.20842371201798934,
      "domain_stdev": 0.029402670203066077,
      "eval_mode": "thermo_reasoning",
      "filler_mean": 0.19506508037997808,
      "filler_stdev": 0.06973541600972083,
      "model": "claudesonnet46",
      "n_batches": 5,
      "n_claims_max": 69,
      "n_claims_mean": 63.4,
      "n_claims_min": 56,
      "n_claims_stdev": 5.458937625582473,
      "question_id": "Q3.2.5",
      "section": 3,
      "stability_score": 0.9580773346583877,
      "unverified_mean": 0.13101422568627263,
      "unverified_stdev": 0.03182184186194593,
      "verified_mean": 0.660562062295738,
      "verified_stdev": 0.03673073329171632
    }
  },
  "claim_type_bucket_matrix": [
    {
      "bucket_counts": {
        "domain_count": 5,
        "filler_count": 0,
        "unverified_count": 6,
        "verified_count": 12
      },
      "bucket_shares": {
        "domain_share": 0.21739130434782608,
        "filler_share": 0.0,
        "unverified_share": 0.2608695652173913,
        "verified_share": 0.5217391304347826
      },
      "claim_type": "calculation",
      "row_total": 23
    },
    {
      "bucket_counts": {
        "domain_count": 0,
        "filler_count": 0,
        "unverified_count": 2,
        "verified_count": 21
      },
      "bucket_shares": {
        "domain_share": 0.0,
        "filler_share": 0.0,
        "unverified_share": 0.08695652173913043,
        "verified_share": 0.9130434782608695
      },
      "claim_type": "citation",
      "row_total": 23
    },
    {
      "bucket_counts": {
        "domain_count": 2,
        "filler_count": 0,
        "unverified_count": 1,
        "verified_count": 3
      },
      "bucket_shares": {
        "domain_share": 0.3333333333333333,
        "filler_share": 0.0,
        "unverified_share": 0.16666666666666666,
        "verified_share": 0.5
      },
      "claim_type": "comparison",
      "row_total": 6
    },
    {
      "bucket_counts": {
        "domain_count": 0,
        "filler_count": 0,
        "unverified_count": 0,
        "verified_count": 7
      },
      "bucket_shares": {
        "domain_share": 0.0,
        "filler_share": 0.0,
        "unverified_share": 0.0,
        "verified_share": 1.0
      },
      "claim_type": "counting",
      "row_total": 7
    },
    {
      "bucket_counts": {
        "domain_count": 36,
        "filler_count": 0,
        "unverified_count": 0,
        "verified_count": 1
      },
      "bucket_shares": {
        "domain_share": 0.972972972972973,
        "filler_share": 0.0,
        "unverified_share": 0.0,
        "verified_share": 0.02702702702702703
      },
      "claim_type": "domain_reasoning",
      "row_total": 37
    },
    {
      "bucket_counts": {
        "domain_count": 1,
        "filler_count": 0,
        "unverified_count": 13,
        "verified_count": 75
      },
      "bucket_shares": {
        "domain_share": 0.011235955056179775,
        "filler_share": 0.0,
        "unverified_share": 0.14606741573033707,
        "verified_share": 0.8426966292134831
      },
      "claim_type": "exact_value",
      "row_total": 89
    },
    {
      "bucket_counts": {
        "domain_count": 0,
        "filler_count": 0,
        "unverified_count": 2,
        "verified_count": 2
      },
      "bucket_shares": {
        "domain_share": 0.0,
        "filler_share": 0.0,
        "unverified_share": 0.5,
        "verified_share": 0.5
      },
      "claim_type": "existence_absence",
      "row_total": 4
    },
    {
      "bucket_counts": {
        "domain_count": 0,
        "filler_count": 62,
        "unverified_count": 0,
        "verified_count": 0
      },
      "bucket_shares": {
        "domain_share": 0.0,
        "filler_share": 1.0,
        "unverified_share": 0.0,
        "verified_share": 0.0
      },
      "claim_type": "filler",
      "row_total": 62
    },
    {
      "bucket_counts": {
        "domain_count": 4,
        "filler_count": 0,
        "unverified_count": 3,
        "verified_count": 24
      },
      "bucket_shares": {
        "domain_share": 0.12903225806451613,
        "filler_share": 0.0,
        "unverified_share": 0.0967741935483871,
        "verified_share": 0.7741935483870968
      },
      "claim_type": "listing",
      "row_total": 31
    },
    {
      "bucket_counts": {
        "domain_count": 5,
        "filler_count": 0,
        "unverified_count": 7,
        "verified_count": 10
      },
      "bucket_shares": {
        "domain_share": 0.22727272727272727,
        "filler_share": 0.0,
        "unverified_share": 0.3181818181818182,
        "verified_share": 0.45454545454545453
      },
      "claim_type": "property_attribution",
      "row_total": 22
    },
    {
      "bucket_counts": {
        "domain_count": 0,
        "filler_count": 0,
        "unverified_count": 0,
        "verified_count": 6
      },
      "bucket_shares": {
        "domain_share": 0.0,
        "filler_share": 0.0,
        "unverified_share": 0.0,
        "verified_share": 1.0
      },
      "claim_type": "range",
      "row_total": 6
    },
    {
      "bucket_counts": {
        "domain_count": 0,
        "filler_count": 0,
        "unverified_count": 0,
        "verified_count": 7
      },
      "bucket_shares": {
        "domain_share": 0.0,
        "filler_share": 0.0,
        "unverified_share": 0.0,
        "verified_share": 1.0
      },
      "claim_type": "trend",
      "row_total": 7
    }
  ],
  "claim_type_counts": {
    "calculation": 23,
    "citation": 23,
    "comparison": 6,
    "counting": 7,
    "domain_reasoning": 37,
    "exact_value": 89,
    "existence_absence": 4,
    "filler": 62,
    "listing": 31,
    "property_attribution": 22,
    "range": 6,
    "trend": 7
  },
  "claim_type_support_matrix": [
    {
      "claim_type": "calculation",
      "row_total": 23,
      "support_class_counts": {
        "direct": 6,
        "domain_knowledge": 5,
        "inferred": 6,
        "no_tool_data": 0,
        "unsupported": 6
      }
    },
    {
      "claim_type": "citation",
      "row_total": 23,
      "support_class_counts": {
        "direct": 13,
        "domain_knowledge": 0,
        "inferred": 8,
        "no_tool_data": 1,
        "unsupported": 1
      }
    },
    {
      "claim_type": "comparison",
      "row_total": 6,
      "support_class_counts": {
        "direct": 0,
        "domain_knowledge": 2,
        "inferred": 3,
        "no_tool_data": 0,
        "unsupported": 1
      }
    },
    {
      "claim_type": "counting",
      "row_total": 7,
      "support_class_counts": {
        "direct": 4,
        "domain_knowledge": 0,
        "inferred": 3,
        "no_tool_data": 0,
        "unsupported": 0
      }
    },
    {
      "claim_type": "domain_reasoning",
      "row_total": 37,
      "support_class_counts": {
        "direct": 0,
        "domain_knowledge": 36,
        "inferred": 1,
        "no_tool_data": 0,