{
  "batch_summary": {
    "best_vs_worst": {
      "best_batch": 3,
      "best_verified_share": 1.0,
      "eval_mode": "aggregate",
      "gap": 0.1428571428571429,
      "model": "gpt5",
      "n_batches": 5,
      "question_id": "Q2.2.3",
      "section": 2,
      "worst_batch": 2,
      "worst_verified_share": 0.8571428571428571
    },
    "canonical_agreement": {
      "jaccard_max": 0.47619047619047616,
      "jaccard_mean": 0.16437974892104204,
      "jaccard_min": 0.02631578947368421,
      "model": "gpt5",
      "n_batches": 5,
      "n_unique_union": 53,
      "question_id": "Q2.2.3"
    },
    "numeric_agreement": {
      "model": "gpt5",
      "n_batches": 5,
      "n_unique_numeric_tokens": 106,
      "question_id": "Q2.2.3",
      "share_in_all_batches": 0.05660377358490566,
      "share_in_ge2": 0.6320754716981132,
      "share_in_ge3": 0.5188679245283019,
      "share_in_ge4": 0.0660377358490566,
      "share_in_ge5": 0.05660377358490566
    },
    "stability": {
      "domain_mean": 0.04058726639214444,
      "domain_stdev": 0.02898911332937648,
      "eval_mode": "aggregate",
      "filler_mean": 0.19529483624200972,
      "filler_stdev": 0.09657216536878614,
      "model": "gpt5",
      "n_batches": 5,
      "n_claims_max": 58,
      "n_claims_mean": 40.6,
      "n_claims_min": 21,
      "n_claims_stdev": 15.883954167649817,
      "question_id": "Q2.2.3",
      "section": 2,
      "stability_score": 0.9432477354808877,
      "unverified_mean": 0.04392207792207792,
      "unverified_stdev": 0.040326965240207506,
      "verified_mean": 0.9154906556857776,
      "verified_stdev": 0.061120814138079016
    }
  },
  "claim_type_bucket_matrix": [
    {
      "bucket_counts": {
        "domain_count": 0,
        "filler_count": 0,
        "unverified_count": 0,
        "verified_count": 0
      },
      "bucket_shares": {
        "domain_share": 0.0,
        "filler_share": 0.0,
        "unverified_share": 0.0,
        "verified_share": 0.0
      },
      "claim_type": "calculation",
      "row_total": 0
    },
    {
      "bucket_counts": {
        "domain_count": 0,
        "filler_count": 0,
        "unverified_count": 2,
        "verified_count": 16
      },
      "bucket_shares": {
        "domain_share": 0.0,
        "filler_share": 0.0,
        "unverified_share": 0.1111111111111111,
        "verified_share": 0.8888888888888888
      },
      "claim_type": "citation",
      "row_total": 18
    },
    {
      "bucket_counts": {
        "domain_count": 0,
        "filler_count": 0,
        "unverified_count": 0,
        "verified_count": 6
      },
      "bucket_shares": {
        "domain_share": 0.0,
        "filler_share": 0.0,
        "unverified_share": 0.0,
        "verified_share": 1.0
      },
      "claim_type": "comparison",
      "row_total": 6
    },
    {
      "bucket_counts": {
        "domain_count": 0,
        "filler_count": 0,
        "unverified_count": 2,
        "verified_count": 7
      },
      "bucket_shares": {
        "domain_share": 0.0,
        "filler_share": 0.0,
        "unverified_share": 0.2222222222222222,
        "verified_share": 0.7777777777777778
      },
      "claim_type": "counting",
      "row_total": 9
    },
    {
      "bucket_counts": {
        "domain_count": 4,
        "filler_count": 0,
        "unverified_count": 0,
        "verified_count": 1
      },
      "bucket_shares": {
        "domain_share": 0.8,
        "filler_share": 0.0,
        "unverified_share": 0.0,
        "verified_share": 0.2
      },
      "claim_type": "domain_reasoning",
      "row_total": 5
    },
    {
      "bucket_counts": {
        "domain_count": 0,
        "filler_count": 0,
        "unverified_count": 2,
        "verified_count": 85
      },
      "bucket_shares": {
        "domain_share": 0.0,
        "filler_share": 0.0,
        "unverified_share": 0.022988505747126436,
        "verified_share": 0.9770114942528736
      },
      "claim_type": "exact_value",
      "row_total": 87
    },
    {
      "bucket_counts": {
        "domain_count": 0,
        "filler_count": 0,
        "unverified_count": 0,
        "verified_count": 3
      },
      "bucket_shares": {
        "domain_share": 0.0,
        "filler_share": 0.0,
        "unverified_share": 0.0,
        "verified_share": 1.0
      },
      "claim_type": "existence_absence",
      "row_total": 3
    },
    {
      "bucket_counts": {
        "domain_count": 0,
        "filler_count": 34,
        "unverified_count": 0,
        "verified_count": 0
      },
      "bucket_shares": {
        "domain_share": 0.0,
        "filler_share": 1.0,
        "unverified_share": 0.0,
        "verified_share": 0.0
      },
      "claim_type": "filler",
      "row_total": 34
    },
    {
      "bucket_counts": {
        "domain_count": 0,
        "filler_count": 0,
        "unverified_count": 0,
        "verified_count": 8
      },
      "bucket_shares": {
        "domain_share": 0.0,
        "filler_share": 0.0,
        "unverified_share": 0.0,
        "verified_share": 1.0
      },
      "claim_type": "listing",
      "row_total": 8
    },
    {
      "bucket_counts": {
        "domain_count": 3,
        "filler_count": 0,
        "unverified_count": 2,
        "verified_count": 22
      },
      "bucket_shares": {
        "domain_share": 0.1111111111111111,
        "filler_share": 0.0,
        "unverified_share": 0.07407407407407407,
        "verified_share": 0.8148148148148148
      },
      "claim_type": "property_attribution",
      "row_total": 27
    },
    {
      "bucket_counts": {
        "domain_count": 0,
        "filler_count": 0,
        "unverified_count": 0,
        "verified_count": 5
      },
      "bucket_shares": {
        "domain_share": 0.0,
        "filler_share": 0.0,
        "unverified_share": 0.0,
        "verified_share": 1.0
      },
      "claim_type": "range",
      "row_total": 5
    },
    {
      "bucket_counts": {
        "domain_count": 0,
        "filler_count": 0,
        "unverified_count": 0,
        "verified_count": 1
      },
      "bucket_shares": {
        "domain_share": 0.0,
        "filler_share": 0.0,
        "unverified_share": 0.0,
        "verified_share": 1.0
      },
      "claim_type": "trend",
      "row_total": 1
    }
  ],
  "claim_type_counts": {
    "calculation": 0,
    "citation": 18,
    "comparison": 6,
    "counting": 9,
    "domain_reasoning": 5,
    "exact_value": 87,
    "existence_absence": 3,
    "filler": 34,
    "listing": 8,
    "property_attribution": 27,
    "range": 5,
    "trend": 1
  },
  "claim_type_support_matrix": [
    {
      "claim_type": "calculation",
      "row_total": 0,
      "support_class_counts": {
        "direct": 0,
        "domain_knowledge": 0,
        "inferred": 0,
        "no_tool_data": 0,
        "unsupported": 0
      }
    },
    {
      "claim_type": "citation",
      "row_total": 18,
      "support_class_counts": {
        "direct": 5,
        "domain_knowledge": 0,
        "inferred": 11,
        "no_tool_data": 0,
        "unsupported": 2
      }
    },
    {
      "claim_type": "comparison",
      "row_total": 6,
      "support_class_counts": {
        "direct": 2,
        "domain_knowledge": 0,
        "inferred": 4,
        "no_tool_data": 0,
        "unsupported": 0
      }
    },
    {
      "claim_type": "counting",
      "row_total": 9,
      "support_class_counts": {
        "direct": 4,
        "domain_knowledge": 0,
        "inferred": 3,
        "no_tool_data": 0,
        "unsupported": 2
      }
    },
    {
      "claim_type": "domain_reasoning",
      "row_total": 5,
      "support_class_counts": {
        "direct": 0,
        "domain_knowledge": 4,
        "inferred": 1,
        "no_tool_data": 0,
        "unsupported": 0
      }
    },
    {
      "claim_type": "exact_value",
      "row_total": 87,
      "support_class_counts": {
        "direct": 76,
        "domain_knowledge": 0,
        "inferred": 9,
        "no_tool_data": 0,