{
  "batch_summary": {
    "best_vs_worst": {
      "best_batch": 4,
      "best_verified_share": 0.3153153153153153,
      "eval_mode": "ambiguous",
      "gap": 0.29062395729062396,
      "model": "claudesonnet46",
      "n_batches": 5,
      "question_id": "Q5.1.6",
      "section": 5.1,
      "worst_batch": 1,
      "worst_verified_share": 0.024691358024691357
    },
    "canonical_agreement": {
      "jaccard_max": 0.7804878048780488,
      "jaccard_mean": 0.4142192149140532,
      "jaccard_min": 0.08108108108108109,
      "model": "claudesonnet46",
      "n_batches": 5,
      "n_unique_union": 45,
      "question_id": "Q5.1.6"
    },
    "numeric_agreement": {
      "model": "claudesonnet46",
      "n_batches": 5,
      "n_unique_numeric_tokens": 179,
      "question_id": "Q5.1.6",
      "share_in_all_batches": 0.27932960893854747,
      "share_in_ge2": 0.5139664804469274,
      "share_in_ge3": 0.3743016759776536,
      "share_in_ge4": 0.31843575418994413,
      "share_in_ge5": 0.27932960893854747
    },
    "stability": {
      "domain_mean": 0.2869361984635802,
      "domain_stdev": 0.03797675608762931,
      "eval_mode": "ambiguous",
      "filler_mean": 0.1435940028762995,
      "filler_stdev": 0.013964356755741505,
      "model": "claudesonnet46",
      "n_batches": 5,
      "n_claims_max": 132,
      "n_claims_mean": 114.0,
      "n_claims_min": 95,
      "n_claims_stdev": 13.711309200802088,
      "question_id": "Q5.1.6",
      "section": 5.1,
      "stability_score": 0.9303587849919216,
      "unverified_mean": 0.5216373214208997,
      "unverified_stdev": 0.11044002339431953,
      "verified_mean": 0.1914264801155201,
      "verified_stdev": 0.11618372379462312
    }
  },
  "claim_type_bucket_matrix": [
    {
      "bucket_counts": {
        "domain_count": 1,
        "filler_count": 0,
        "unverified_count": 7,
        "verified_count": 0
      },
      "bucket_shares": {
        "domain_share": 0.125,
        "filler_share": 0.0,
        "unverified_share": 0.875,
        "verified_share": 0.0
      },
      "claim_type": "calculation",
      "row_total": 8
    },
    {
      "bucket_counts": {
        "domain_count": 0,
        "filler_count": 0,
        "unverified_count": 1,
        "verified_count": 8
      },
      "bucket_shares": {
        "domain_share": 0.0,
        "filler_share": 0.0,
        "unverified_share": 0.1111111111111111,
        "verified_share": 0.8888888888888888
      },
      "claim_type": "citation",
      "row_total": 9
    },
    {
      "bucket_counts": {
        "domain_count": 14,
        "filler_count": 0,
        "unverified_count": 14,
        "verified_count": 12
      },
      "bucket_shares": {
        "domain_share": 0.35,
        "filler_share": 0.0,
        "unverified_share": 0.35,
        "verified_share": 0.3
      },
      "claim_type": "comparison",
      "row_total": 40
    },
    {
      "bucket_counts": {
        "domain_count": 2,
        "filler_count": 0,
        "unverified_count": 9,
        "verified_count": 6
      },
      "bucket_shares": {
        "domain_share": 0.11764705882352941,
        "filler_share": 0.0,
        "unverified_share": 0.5294117647058824,
        "verified_share": 0.35294117647058826
      },
      "claim_type": "counting",
      "row_total": 17
    },
    {
      "bucket_counts": {
        "domain_count": 54,
        "filler_count": 0,
        "unverified_count": 0,
        "verified_count": 0
      },
      "bucket_shares": {
        "domain_share": 1.0,
        "filler_share": 0.0,
        "unverified_share": 0.0,
        "verified_share": 0.0
      },
      "claim_type": "domain_reasoning",
      "row_total": 54
    },
    {
      "bucket_counts": {
        "domain_count": 7,
        "filler_count": 0,
        "unverified_count": 195,
        "verified_count": 33
      },
      "bucket_shares": {
        "domain_share": 0.029787234042553193,
        "filler_share": 0.0,
        "unverified_share": 0.8297872340425532,
        "verified_share": 0.14042553191489363
      },
      "claim_type": "exact_value",
      "row_total": 235
    },
    {
      "bucket_counts": {
        "domain_count": 0,
        "filler_count": 0,
        "unverified_count": 2,
        "verified_count": 10
      },
      "bucket_shares": {
        "domain_share": 0.0,
        "filler_share": 0.0,
        "unverified_share": 0.16666666666666666,
        "verified_share": 0.8333333333333334
      },
      "claim_type": "existence_absence",
      "row_total": 12
    },
    {
      "bucket_counts": {
        "domain_count": 0,
        "filler_count": 82,
        "unverified_count": 0,
        "verified_count": 0
      },
      "bucket_shares": {
        "domain_share": 0.0,
        "filler_share": 1.0,
        "unverified_share": 0.0,
        "verified_share": 0.0
      },
      "claim_type": "filler",
      "row_total": 82
    },
    {
      "bucket_counts": {
        "domain_count": 8,
        "filler_count": 0,
        "unverified_count": 5,
        "verified_count": 17
      },
      "bucket_shares": {
        "domain_share": 0.26666666666666666,
        "filler_share": 0.0,
        "unverified_share": 0.16666666666666666,
        "verified_share": 0.5666666666666667
      },
      "claim_type": "listing",
      "row_total": 30
    },
    {
      "bucket_counts": {
        "domain_count": 43,
        "filler_count": 0,
        "unverified_count": 7,
        "verified_count": 10
      },
      "bucket_shares": {
        "domain_share": 0.7166666666666667,
        "filler_share": 0.0,
        "unverified_share": 0.11666666666666667,
        "verified_share": 0.16666666666666666
      },
      "claim_type": "property_attribution",
      "row_total": 60
    },
    {
      "bucket_counts": {
        "domain_count": 3,
        "filler_count": 0,
        "unverified_count": 3,
        "verified_count": 0
      },
      "bucket_shares": {
        "domain_share": 0.5,
        "filler_share": 0.0,
        "unverified_share": 0.5,
        "verified_share": 0.0
      },
      "claim_type": "range",
      "row_total": 6
    },
    {
      "bucket_counts": {
        "domain_count": 8,
        "filler_count": 0,
        "unverified_count": 7,
        "verified_count": 2
      },
      "bucket_shares": {
        "domain_share": 0.47058823529411764,
        "filler_share": 0.0,
        "unverified_share": 0.4117647058823529,
        "verified_share": 0.11764705882352941
      },
      "claim_type": "trend",
      "row_total": 17
    }
  ],
  "claim_type_counts": {
    "calculation": 8,
    "citation": 9,
    "comparison": 40,
    "counting": 17,
    "domain_reasoning": 54,
    "exact_value": 235,
    "existence_absence": 12,
    "filler": 82,
    "listing": 30,
    "property_attribution": 60,
    "range": 6,
    "trend": 17
  },
  "claim_type_support_matrix": [
    {
      "claim_type": "calculation",
      "row_total": 8,
      "support_class_counts": {
        "direct": 0,
        "domain_knowledge": 1,
        "inferred": 0,
        "no_tool_data": 1,
        "unsupported": 6
      }
    },
    {
      "claim_type": "citation",
      "row_total": 9,
      "support_class_counts": {
        "direct": 2,
        "domain_knowledge": 0,
        "inferred": 6,
        "no_tool_data": 0,
        "unsupported": 1
      }
    },
    {
      "claim_type": "comparison",
      "row_total": 40,
      "support_class_counts": {
        "direct": 0,
        "domain_knowledge": 14,
        "inferred": 12,
        "no_tool_data": 3,
        "unsupported": 11
      }
    },
    {
      "claim_type": "counting",
      "row_total": 17,
      "support_class_counts": {
        "direct": 3,
        "domain_knowledge": 2,
        "inferred": 3,
        "no_tool_data": 0,
        "unsupported": 9
      }
    },
    {
      "claim_type": "domain_reasoning",
      "row_total": 54,
      "support_class_counts": {
        "direct": 0,
        "domain_knowledge": 54,
        "inferred": 0,
        "no_tool_data": 0,