{
  "batch_summary": {
    "best_vs_worst": {
      "best_batch": 4,
      "best_verified_share": 0.9411764705882353,
      "eval_mode": "ambiguous",
      "gap": 0.248868778280543,
      "model": "gpt54",
      "n_batches": 5,
      "question_id": "Q5.1.1",
      "section": 5.1,
      "worst_batch": 5,
      "worst_verified_share": 0.6923076923076923
    },
    "canonical_agreement": {
      "jaccard_max": 0.6071428571428571,
      "jaccard_mean": 0.32826348775602504,
      "jaccard_min": 0.15,
      "model": "gpt54",
      "n_batches": 5,
      "n_unique_union": 101,
      "question_id": "Q5.1.1"
    },
    "numeric_agreement": {
      "model": "gpt54",
      "n_batches": 5,
      "n_unique_numeric_tokens": 89,
      "question_id": "Q5.1.1",
      "share_in_all_batches": 0.011235955056179775,
      "share_in_ge2": 0.24719101123595505,
      "share_in_ge3": 0.19101123595505617,
      "share_in_ge4": 0.0898876404494382,
      "share_in_ge5": 0.011235955056179775
    },
    "stability": {
      "domain_mean": 0.0942050681734615,
      "domain_stdev": 0.07104793227921856,
      "eval_mode": "ambiguous",
      "filler_mean": 0.17890080469324082,
      "filler_stdev": 0.029025483069585318,
      "model": "gpt54",
      "n_batches": 5,
      "n_claims_max": 84,
      "n_claims_mean": 71.0,
      "n_claims_min": 59,
      "n_claims_stdev": 10.559356040971437,
      "question_id": "Q5.1.1",
      "section": 5.1,
      "stability_score": 0.9372471818039414,
      "unverified_mean": 0.046096440872560276,
      "unverified_stdev": 0.051058278648358324,
      "verified_mean": 0.8596984909539781,
      "verified_stdev": 0.09987957878707222
    }
  },
  "claim_type_bucket_matrix": [
    {
      "bucket_counts": {
        "domain_count": 0,
        "filler_count": 0,
        "unverified_count": 0,
        "verified_count": 0
      },
      "bucket_shares": {
        "domain_share": 0.0,
        "filler_share": 0.0,
        "unverified_share": 0.0,
        "verified_share": 0.0
      },
      "claim_type": "calculation",
      "row_total": 0
    },
    {
      "bucket_counts": {
        "domain_count": 1,
        "filler_count": 0,
        "unverified_count": 1,
        "verified_count": 9
      },
      "bucket_shares": {
        "domain_share": 0.09090909090909091,
        "filler_share": 0.0,
        "unverified_share": 0.09090909090909091,
        "verified_share": 0.8181818181818182
      },
      "claim_type": "citation",
      "row_total": 11
    },
    {
      "bucket_counts": {
        "domain_count": 1,
        "filler_count": 0,
        "unverified_count": 0,
        "verified_count": 29
      },
      "bucket_shares": {
        "domain_share": 0.03333333333333333,
        "filler_share": 0.0,
        "unverified_share": 0.0,
        "verified_share": 0.9666666666666667
      },
      "claim_type": "comparison",
      "row_total": 30
    },
    {
      "bucket_counts": {
        "domain_count": 0,
        "filler_count": 0,
        "unverified_count": 0,
        "verified_count": 6
      },
      "bucket_shares": {
        "domain_share": 0.0,
        "filler_share": 0.0,
        "unverified_share": 0.0,
        "verified_share": 1.0
      },
      "claim_type": "counting",
      "row_total": 6
    },
    {
      "bucket_counts": {
        "domain_count": 20,
        "filler_count": 0,
        "unverified_count": 0,
        "verified_count": 1
      },
      "bucket_shares": {
        "domain_share": 0.9523809523809523,
        "filler_share": 0.0,
        "unverified_share": 0.0,
        "verified_share": 0.047619047619047616
      },
      "claim_type": "domain_reasoning",
      "row_total": 21
    },
    {
      "bucket_counts": {
        "domain_count": 0,
        "filler_count": 0,
        "unverified_count": 8,
        "verified_count": 71
      },
      "bucket_shares": {
        "domain_share": 0.0,
        "filler_share": 0.0,
        "unverified_share": 0.10126582278481013,
        "verified_share": 0.8987341772151899
      },
      "claim_type": "exact_value",
      "row_total": 79
    },
    {
      "bucket_counts": {
        "domain_count": 0,
        "filler_count": 0,
        "unverified_count": 0,
        "verified_count": 13
      },
      "bucket_shares": {
        "domain_share": 0.0,
        "filler_share": 0.0,
        "unverified_share": 0.0,
        "verified_share": 1.0
      },
      "claim_type": "existence_absence",
      "row_total": 13
    },
    {
      "bucket_counts": {
        "domain_count": 0,
        "filler_count": 64,
        "unverified_count": 0,
        "verified_count": 0
      },
      "bucket_shares": {
        "domain_share": 0.0,
        "filler_share": 1.0,
        "unverified_share": 0.0,
        "verified_share": 0.0
      },
      "claim_type": "filler",
      "row_total": 64
    },
    {
      "bucket_counts": {
        "domain_count": 0,
        "filler_count": 0,
        "unverified_count": 5,
        "verified_count": 95
      },
      "bucket_shares": {
        "domain_share": 0.0,
        "filler_share": 0.0,
        "unverified_share": 0.05,
        "verified_share": 0.95
      },
      "claim_type": "listing",
      "row_total": 100
    },
    {
      "bucket_counts": {
        "domain_count": 3,
        "filler_count": 0,
        "unverified_count": 0,
        "verified_count": 21
      },
      "bucket_shares": {
        "domain_share": 0.125,
        "filler_share": 0.0,
        "unverified_share": 0.0,
        "verified_share": 0.875
      },
      "claim_type": "property_attribution",
      "row_total": 24
    },
    {
      "bucket_counts": {
        "domain_count": 0,
        "filler_count": 0,
        "unverified_count": 0,
        "verified_count": 4
      },
      "bucket_shares": {
        "domain_share": 0.0,
        "filler_share": 0.0,
        "unverified_share": 0.0,
        "verified_share": 1.0
      },
      "claim_type": "range",
      "row_total": 4
    },
    {
      "bucket_counts": {
        "domain_count": 1,
        "filler_count": 0,
        "unverified_count": 0,
        "verified_count": 2
      },
      "bucket_shares": {
        "domain_share": 0.3333333333333333,
        "filler_share": 0.0,
        "unverified_share": 0.0,
        "verified_share": 0.6666666666666666
      },
      "claim_type": "trend",
      "row_total": 3
    }
  ],
  "claim_type_counts": {
    "calculation": 0,
    "citation": 11,
    "comparison": 30,
    "counting": 6,
    "domain_reasoning": 21,
    "exact_value": 79,
    "existence_absence": 13,
    "filler": 64,
    "listing": 100,
    "property_attribution": 24,
    "range": 4,
    "trend": 3
  },
  "claim_type_support_matrix": [
    {
      "claim_type": "calculation",
      "row_total": 0,
      "support_class_counts": {
        "direct": 0,
        "domain_knowledge": 0,
        "inferred": 0,
        "no_tool_data": 0,
        "unsupported": 0
      }
    },
    {
      "claim_type": "citation",
      "row_total": 11,
      "support_class_counts": {
        "direct": 4,
        "domain_knowledge": 1,
        "inferred": 5,
        "no_tool_data": 0,
        "unsupported": 1
      }
    },
    {
      "claim_type": "comparison",
      "row_total": 30,
      "support_class_counts": {
        "direct": 3,
        "domain_knowledge": 1,
        "inferred": 26,
        "no_tool_data": 0,
        "unsupported": 0
      }
    },
    {
      "claim_type": "counting",
      "row_total": 6,
      "support_class_counts": {
        "direct": 2,
        "domain_knowledge": 0,
        "inferred": 4,
        "no_tool_data": 0,
        "unsupported": 0
      }
    },
    {
      "claim_type": "domain_reasoning",
      "row_total": 21,
      "support_class_counts": {
        "direct": 0,
        "domain_knowledge": 20,
        "inferred": 1,
        "no_tool_data": 0,
        "unsupported": 0
      }
    },
    {
      "claim_type": "exact_value",
      "row_total": 79,
      "support_class_counts": {
        "direct": 71,