eval_mode,n_claims,n_nonfiller,n_batches,filler_share,verified_count,verified_share,verified_ci_lo,verified_ci_hi,domain_count,domain_share,domain_ci_lo,domain_ci_hi,unverified_count,unverified_share,unverified_ci_lo,unverified_ci_hi
aggregate,3077,2496,120,0.18882027949301267,1646,0.6594551282051282,0.6406312986254394,0.6777888764768552,428,0.17147435897435898,0.15719474681167608,0.18676368639465188,422,0.16907051282051283,0.1548770847141498,0.18428104434490744
ambiguous,7952,6503,120,0.18221830985915494,3418,0.5256035675841919,0.5134553688963548,0.5377215338885539,1356,0.20851914500999538,0.19881866593222608,0.21856380116210122,1729,0.2658772874058127,0.2552797740570952,0.2767512500268475
comparison,4461,3554,120,0.20331764178435327,1998,0.562183455261677,0.5458139115540697,0.5784187130799219,938,0.2639279684862127,0.24969738888348114,0.2786683483657544,618,0.1738885762521103,0.16178146937523674,0.186699924512563
direct_lookup,3540,2910,120,0.17796610169491525,2300,0.7903780068728522,0.7752107429425078,0.8047796038217089,352,0.12096219931271478,0.10961138026201027,0.13331246295582289,258,0.088659793814433,0.07886674826825144,0.09953745874149134
multi_step,6739,5272,140,0.2176880842855023,2378,0.45106221547799696,0.43767046225763356,0.46452523671862084,1263,0.23956752655538696,0.22823819790936686,0.2512761226115526,1631,0.3093702579666161,0.2970352582545043,0.3219828714785795
negative,3808,2765,120,0.27389705882352944,1455,0.5262206148282098,0.5075856523914056,0.5447828182354443,702,0.2538878842676311,0.23801399851877156,0.2704447013216238,608,0.21989150090415913,0.204847982163622,0.23571228679506456
provenance,3636,2913,100,0.19884488448844884,2092,0.7181599725369036,0.7015429238116421,0.7342023700020502,364,0.1249570889117748,0.1134405006560147,0.13746157095459316,457,0.15688293855132165,0.14412839521940848,0.17054128036393482
thermo_reasoning,8531,6788,140,0.20431367952174423,3475,0.5119328226281673,0.5000380770376941,0.523814069337451,2036,0.29994107248084856,0.28915562317550886,0.31095283636218124,1277,0.18812610489098408,0.1790062242810489,0.19759878959324406
