{
  "batch_summary": {
    "best_vs_worst": {
      "best_batch": 4,
      "best_verified_share": 0.7380952380952381,
      "eval_mode": "thermo_reasoning",
      "gap": 0.38674388674388677,
      "model": "gpt5",
      "n_batches": 5,
      "question_id": "Q3.2.6",
      "section": 3,
      "worst_batch": 1,
      "worst_verified_share": 0.35135135135135137
    },
    "canonical_agreement": {
      "jaccard_max": 0.7272727272727273,
      "jaccard_mean": 0.5876479076479076,
      "jaccard_min": 0.36363636363636365,
      "model": "gpt5",
      "n_batches": 5,
      "n_unique_union": 12,
      "question_id": "Q3.2.6"
    },
    "numeric_agreement": {
      "model": "gpt5",
      "n_batches": 5,
      "n_unique_numeric_tokens": 58,
      "question_id": "Q3.2.6",
      "share_in_all_batches": 0.1206896551724138,
      "share_in_ge2": 0.5344827586206896,
      "share_in_ge3": 0.43103448275862066,
      "share_in_ge4": 0.15517241379310345,
      "share_in_ge5": 0.1206896551724138
    },
    "stability": {
      "domain_mean": 0.22617249023061164,
      "domain_stdev": 0.10683342401487755,
      "eval_mode": "thermo_reasoning",
      "filler_mean": 0.20725635130192885,
      "filler_stdev": 0.024845901695652095,
      "model": "gpt5",
      "n_batches": 5,
      "n_claims_max": 59,
      "n_claims_mean": 52.2,
      "n_claims_min": 49,
      "n_claims_stdev": 3.96232255123179,
      "question_id": "Q3.2.6",
      "section": 3,
      "stability_score": 0.8856912863620564,
      "unverified_mean": 0.2374820424249589,
      "unverified_stdev": 0.18315496039811235,
      "verified_mean": 0.5363454673444294,
      "verified_stdev": 0.1424005684431325
    }
  },
  "claim_type_bucket_matrix": [
    {
      "bucket_counts": {
        "domain_count": 22,
        "filler_count": 0,
        "unverified_count": 25,
        "verified_count": 20
      },
      "bucket_shares": {
        "domain_share": 0.3283582089552239,
        "filler_share": 0.0,
        "unverified_share": 0.373134328358209,
        "verified_share": 0.29850746268656714
      },
      "claim_type": "calculation",
      "row_total": 67
    },
    {
      "bucket_counts": {
        "domain_count": 1,
        "filler_count": 0,
        "unverified_count": 2,
        "verified_count": 10
      },
      "bucket_shares": {
        "domain_share": 0.07692307692307693,
        "filler_share": 0.0,
        "unverified_share": 0.15384615384615385,
        "verified_share": 0.7692307692307693
      },
      "claim_type": "citation",
      "row_total": 13
    },
    {
      "bucket_counts": {
        "domain_count": 1,
        "filler_count": 0,
        "unverified_count": 1,
        "verified_count": 6
      },
      "bucket_shares": {
        "domain_share": 0.125,
        "filler_share": 0.0,
        "unverified_share": 0.125,
        "verified_share": 0.75
      },
      "claim_type": "comparison",
      "row_total": 8
    },
    {
      "bucket_counts": {
        "domain_count": 0,
        "filler_count": 0,
        "unverified_count": 0,
        "verified_count": 0
      },
      "bucket_shares": {
        "domain_share": 0.0,
        "filler_share": 0.0,
        "unverified_share": 0.0,
        "verified_share": 0.0
      },
      "claim_type": "counting",
      "row_total": 0
    },
    {
      "bucket_counts": {
        "domain_count": 9,
        "filler_count": 0,
        "unverified_count": 0,
        "verified_count": 2
      },
      "bucket_shares": {
        "domain_share": 0.8181818181818182,
        "filler_share": 0.0,
        "unverified_share": 0.0,
        "verified_share": 0.18181818181818182
      },
      "claim_type": "domain_reasoning",
      "row_total": 11
    },
    {
      "bucket_counts": {
        "domain_count": 3,
        "filler_count": 0,
        "unverified_count": 18,
        "verified_count": 37
      },
      "bucket_shares": {
        "domain_share": 0.05172413793103448,
        "filler_share": 0.0,
        "unverified_share": 0.3103448275862069,
        "verified_share": 0.6379310344827587
      },
      "claim_type": "exact_value",
      "row_total": 58
    },
    {
      "bucket_counts": {
        "domain_count": 0,
        "filler_count": 0,
        "unverified_count": 0,
        "verified_count": 2
      },
      "bucket_shares": {
        "domain_share": 0.0,
        "filler_share": 0.0,
        "unverified_share": 0.0,
        "verified_share": 1.0
      },
      "claim_type": "existence_absence",
      "row_total": 2
    },
    {
      "bucket_counts": {
        "domain_count": 0,
        "filler_count": 54,
        "unverified_count": 0,
        "verified_count": 0
      },
      "bucket_shares": {
        "domain_share": 0.0,
        "filler_share": 1.0,
        "unverified_share": 0.0,
        "verified_share": 0.0
      },
      "claim_type": "filler",
      "row_total": 54
    },
    {
      "bucket_counts": {
        "domain_count": 0,
        "filler_count": 0,
        "unverified_count": 0,
        "verified_count": 21
      },
      "bucket_shares": {
        "domain_share": 0.0,
        "filler_share": 0.0,
        "unverified_share": 0.0,
        "verified_share": 1.0
      },
      "claim_type": "listing",
      "row_total": 21
    },
    {
      "bucket_counts": {
        "domain_count": 11,
        "filler_count": 0,
        "unverified_count": 2,
        "verified_count": 14
      },
      "bucket_shares": {
        "domain_share": 0.4074074074074074,
        "filler_share": 0.0,
        "unverified_share": 0.07407407407407407,
        "verified_share": 0.5185185185185185
      },
      "claim_type": "property_attribution",
      "row_total": 27
    },
    {
      "bucket_counts": {
        "domain_count": 0,
        "filler_count": 0,
        "unverified_count": 0,
        "verified_count": 0
      },
      "bucket_shares": {
        "domain_share": 0.0,
        "filler_share": 0.0,
        "unverified_share": 0.0,
        "verified_share": 0.0
      },
      "claim_type": "range",
      "row_total": 0
    },
    {
      "bucket_counts": {
        "domain_count": 0,
        "filler_count": 0,
        "unverified_count": 0,
        "verified_count": 0
      },
      "bucket_shares": {
        "domain_share": 0.0,
        "filler_share": 0.0,
        "unverified_share": 0.0,
        "verified_share": 0.0
      },
      "claim_type": "trend",
      "row_total": 0
    }
  ],
  "claim_type_counts": {
    "calculation": 67,
    "citation": 13,
    "comparison": 8,
    "counting": 0,
    "domain_reasoning": 11,
    "exact_value": 58,
    "existence_absence": 2,
    "filler": 54,
    "listing": 21,
    "property_attribution": 27,
    "range": 0,
    "trend": 0
  },
  "claim_type_support_matrix": [
    {
      "claim_type": "calculation",
      "row_total": 67,
      "support_class_counts": {
        "direct": 5,
        "domain_knowledge": 22,
        "inferred": 15,
        "no_tool_data": 0,
        "unsupported": 25
      }
    },
    {
      "claim_type": "citation",
      "row_total": 13,
      "support_class_counts": {
        "direct": 2,
        "domain_knowledge": 1,
        "inferred": 8,
        "no_tool_data": 1,
        "unsupported": 1
      }
    },
    {
      "claim_type": "comparison",
      "row_total": 8,
      "support_class_counts": {
        "direct": 1,
        "domain_knowledge": 1,
        "inferred": 5,
        "no_tool_data": 0,
        "unsupported": 1
      }
    },
    {
      "claim_type": "counting",
      "row_total": 0,
      "support_class_counts": {
        "direct": 0,
        "domain_knowledge": 0,
        "inferred": 0,
        "no_tool_data": 0,
        "unsupported": 0
      }
    },
    {
      "claim_type": "domain_reasoning",
      "row_total": 11,
      "support_class_counts": {
        "direct": 1,
        "domain_knowledge": 9,
        "inferred": 1,
        "no_tool_data": 0,
        "unsupported": 0
      }
    },
    {
      "claim_type": "exact_value",
      "row_total": 58,