{
  "batch_summary": {
    "best_vs_worst": {
      "best_batch": 2,
      "best_verified_share": 1.0,
      "eval_mode": "ambiguous",
      "gap": 0.14754098360655743,
      "model": "gpt5",
      "n_batches": 5,
      "question_id": "Q5.1.4",
      "section": 5.1,
      "worst_batch": 3,
      "worst_verified_share": 0.8524590163934426
    },
    "canonical_agreement": {
      "jaccard_max": 0.8235294117647058,
      "jaccard_mean": 0.26195203824320246,
      "jaccard_min": 0.11864406779661017,
      "model": "gpt5",
      "n_batches": 5,
      "n_unique_union": 97,
      "question_id": "Q5.1.4"
    },
    "numeric_agreement": {
      "model": "gpt5",
      "n_batches": 5,
      "n_unique_numeric_tokens": 210,
      "question_id": "Q5.1.4",
      "share_in_all_batches": 0.014285714285714285,
      "share_in_ge2": 0.3380952380952381,
      "share_in_ge3": 0.12380952380952381,
      "share_in_ge4": 0.04285714285714286,
      "share_in_ge5": 0.014285714285714285
    },
    "stability": {
      "domain_mean": 0.021779332025233664,
      "domain_stdev": 0.017420963526670382,
      "eval_mode": "ambiguous",
      "filler_mean": 0.23131063658340048,
      "filler_stdev": 0.0576949674050259,
      "model": "gpt5",
      "n_batches": 5,
      "n_claims_max": 80,
      "n_claims_mean": 61.8,
      "n_claims_min": 30,
      "n_claims_stdev": 20.96902477465273,
      "question_id": "Q5.1.4",
      "section": 5.1,
      "stability_score": 0.9505106951474784,
      "unverified_mean": 0.04244572441293753,
      "unverified_stdev": 0.060756937074354735,
      "verified_mean": 0.9357749435618288,
      "verified_stdev": 0.06208435140403535
    }
  },
  "claim_type_bucket_matrix": [
    {
      "bucket_counts": {
        "domain_count": 0,
        "filler_count": 0,
        "unverified_count": 0,
        "verified_count": 0
      },
      "bucket_shares": {
        "domain_share": 0.0,
        "filler_share": 0.0,
        "unverified_share": 0.0,
        "verified_share": 0.0
      },
      "claim_type": "calculation",
      "row_total": 0
    },
    {
      "bucket_counts": {
        "domain_count": 0,
        "filler_count": 0,
        "unverified_count": 1,
        "verified_count": 11
      },
      "bucket_shares": {
        "domain_share": 0.0,
        "filler_share": 0.0,
        "unverified_share": 0.08333333333333333,
        "verified_share": 0.9166666666666666
      },
      "claim_type": "citation",
      "row_total": 12
    },
    {
      "bucket_counts": {
        "domain_count": 0,
        "filler_count": 0,
        "unverified_count": 0,
        "verified_count": 7
      },
      "bucket_shares": {
        "domain_share": 0.0,
        "filler_share": 0.0,
        "unverified_share": 0.0,
        "verified_share": 1.0
      },
      "claim_type": "comparison",
      "row_total": 7
    },
    {
      "bucket_counts": {
        "domain_count": 0,
        "filler_count": 0,
        "unverified_count": 4,
        "verified_count": 2
      },
      "bucket_shares": {
        "domain_share": 0.0,
        "filler_share": 0.0,
        "unverified_share": 0.6666666666666666,
        "verified_share": 0.3333333333333333
      },
      "claim_type": "counting",
      "row_total": 6
    },
    {
      "bucket_counts": {
        "domain_count": 2,
        "filler_count": 0,
        "unverified_count": 0,
        "verified_count": 0
      },
      "bucket_shares": {
        "domain_share": 1.0,
        "filler_share": 0.0,
        "unverified_share": 0.0,
        "verified_share": 0.0
      },
      "claim_type": "domain_reasoning",
      "row_total": 2
    },
    {
      "bucket_counts": {
        "domain_count": 0,
        "filler_count": 0,
        "unverified_count": 4,
        "verified_count": 149
      },
      "bucket_shares": {
        "domain_share": 0.0,
        "filler_share": 0.0,
        "unverified_share": 0.026143790849673203,
        "verified_share": 0.9738562091503268
      },
      "claim_type": "exact_value",
      "row_total": 153
    },
    {
      "bucket_counts": {
        "domain_count": 0,
        "filler_count": 0,
        "unverified_count": 0,
        "verified_count": 5
      },
      "bucket_shares": {
        "domain_share": 0.0,
        "filler_share": 0.0,
        "unverified_share": 0.0,
        "verified_share": 1.0
      },
      "claim_type": "existence_absence",
      "row_total": 5
    },
    {
      "bucket_counts": {
        "domain_count": 0,
        "filler_count": 67,
        "unverified_count": 0,
        "verified_count": 0
      },
      "bucket_shares": {
        "domain_share": 0.0,
        "filler_share": 1.0,
        "unverified_share": 0.0,
        "verified_share": 0.0
      },
      "claim_type": "filler",
      "row_total": 67
    },
    {
      "bucket_counts": {
        "domain_count": 0,
        "filler_count": 0,
        "unverified_count": 1,
        "verified_count": 25
      },
      "bucket_shares": {
        "domain_share": 0.0,
        "filler_share": 0.0,
        "unverified_share": 0.038461538461538464,
        "verified_share": 0.9615384615384616
      },
      "claim_type": "listing",
      "row_total": 26
    },
    {
      "bucket_counts": {
        "domain_count": 1,
        "filler_count": 0,
        "unverified_count": 1,
        "verified_count": 14
      },
      "bucket_shares": {
        "domain_share": 0.0625,
        "filler_share": 0.0,
        "unverified_share": 0.0625,
        "verified_share": 0.875
      },
      "claim_type": "property_attribution",
      "row_total": 16
    },
    {
      "bucket_counts": {
        "domain_count": 0,
        "filler_count": 0,
        "unverified_count": 0,
        "verified_count": 8
      },
      "bucket_shares": {
        "domain_share": 0.0,
        "filler_share": 0.0,
        "unverified_share": 0.0,
        "verified_share": 1.0
      },
      "claim_type": "range",
      "row_total": 8
    },
    {
      "bucket_counts": {
        "domain_count": 1,
        "filler_count": 0,
        "unverified_count": 0,
        "verified_count": 6
      },
      "bucket_shares": {
        "domain_share": 0.14285714285714285,
        "filler_share": 0.0,
        "unverified_share": 0.0,
        "verified_share": 0.8571428571428571
      },
      "claim_type": "trend",
      "row_total": 7
    }
  ],
  "claim_type_counts": {
    "calculation": 0,
    "citation": 12,
    "comparison": 7,
    "counting": 6,
    "domain_reasoning": 2,
    "exact_value": 153,
    "existence_absence": 5,
    "filler": 67,
    "listing": 26,
    "property_attribution": 16,
    "range": 8,
    "trend": 7
  },
  "claim_type_support_matrix": [
    {
      "claim_type": "calculation",
      "row_total": 0,
      "support_class_counts": {
        "direct": 0,
        "domain_knowledge": 0,
        "inferred": 0,
        "no_tool_data": 0,
        "unsupported": 0
      }
    },
    {
      "claim_type": "citation",
      "row_total": 12,
      "support_class_counts": {
        "direct": 3,
        "domain_knowledge": 0,
        "inferred": 8,
        "no_tool_data": 0,
        "unsupported": 1
      }
    },
    {
      "claim_type": "comparison",
      "row_total": 7,
      "support_class_counts": {
        "direct": 1,
        "domain_knowledge": 0,
        "inferred": 6,
        "no_tool_data": 0,
        "unsupported": 0
      }
    },
    {
      "claim_type": "counting",
      "row_total": 6,
      "support_class_counts": {
        "direct": 1,
        "domain_knowledge": 0,
        "inferred": 1,
        "no_tool_data": 0,
        "unsupported": 4
      }
    },
    {
      "claim_type": "domain_reasoning",
      "row_total": 2,
      "support_class_counts": {
        "direct": 0,
        "domain_knowledge": 2,
        "inferred": 0,
        "no_tool_data": 0,
        "unsupported": 0
      }
    },
    {
      "claim_type": "exact_value",
      "row_total": 153,
      "support_class_counts": {
        "direct": 139,
        "domain_knowledge": 0,