model,n_runs,triggered_rounds,normal_run_triggered_rounds,none_rounds,l0_no_match_rounds,selection_rounds,runs_with_triggered_compaction,run_trigger_rate,runs_with_triggered_success,triggered_success_run_rate,mean_triggered_rounds_per_run,mean_none_rounds_per_run,mean_l0_no_match_rounds_per_run,triggered_share_of_selection_rounds
claudeopus46,285,209,128,168,230,377,130,0.45614035087719296,52,0.1824561403508772,0.7333333333333333,0.5894736842105263,0.8070175438596491,0.5543766578249337
claudesonnet46,280,198,123,129,219,327,174,0.6214285714285714,102,0.36428571428571427,0.7071428571428572,0.4607142857142857,0.7821428571428571,0.6055045871559633
gpt5,280,244,126,130,236,374,201,0.7178571428571429,100,0.35714285714285715,0.8714285714285714,0.4642857142857143,0.8428571428571429,0.6524064171122995
gpt54,286,382,165,351,253,733,189,0.6608391608391608,96,0.3356643356643357,1.3356643356643356,1.2272727272727273,0.8846153846153846,0.5211459754433834
