n_runs,error_run_rate,mean_total_tool_calls,mean_parsed_tool_calls,planning_mean_sec,execution_mean_sec,verdict_mean_sec,total_mean_sec,total_p50_sec,total_p95_sec,answer_word_mean,warning_threshold_sec,planning_reference_sec
1131,0.5101679929266136,10.038938053097345,10.030946065428823,412.75221238938053,433.74778761061947,49.4070796460177,895.8893805309734,903.0,1851.8499999999997,363.16710875331563,600.0,412.75221238938053
