model,tool_name,n_runs,runs_with_tool,run_presence_rate,n_calls,successful_calls,error_calls,argo_timed_calls,argo_coverage_rate,runs_with_argo_timing,argo_run_presence_rate,argo_duration_total_sec,argo_duration_mean_sec,argo_duration_p50_sec,argo_duration_p95_sec
gpt54,0_plan_search_strategy,286,273,0.9545454545454546,343,275,68,275,1.0,273,0.9545454545454546,9814.1,35.687636363636365,33.3,59.16000000000001
gpt5,0_plan_search_strategy,280,265,0.9464285714285714,363,242,121,242,1.0,242,0.8642857142857143,10000.2,41.32314049586777,34.0,77.89
claudesonnet46,0_plan_search_strategy,280,240,0.8571428571428571,268,222,46,222,1.0,222,0.7928571428571428,8260.1,37.20765765765766,32.349999999999994,71.83999999999996
claudeopus46,0_plan_search_strategy,285,236,0.8280701754385965,264,208,56,208,1.0,208,0.7298245614035088,7202.0,34.625,32.0,61.52999999999995
