{
  "batch_summary": {
    "best_vs_worst": {
      "best_batch": 3,
      "best_verified_share": 0.9032258064516129,
      "eval_mode": "multi_step",
      "gap": 0.8123167155425219,
      "model": "claudeopus46",
      "n_batches": 5,
      "question_id": "Q3.1.3",
      "section": 3,
      "worst_batch": 1,
      "worst_verified_share": 0.09090909090909091
    },
    "canonical_agreement": {
      "jaccard_max": 0.8918918918918919,
      "jaccard_mean": 0.3753453057800884,
      "jaccard_min": 0.16216216216216217,
      "model": "claudeopus46",
      "n_batches": 5,
      "n_unique_union": 40,
      "question_id": "Q3.1.3"
    },
    "numeric_agreement": {
      "model": "claudeopus46",
      "n_batches": 5,
      "n_unique_numeric_tokens": 81,
      "question_id": "Q3.1.3",
      "share_in_all_batches": 0.0,
      "share_in_ge2": 0.37037037037037035,
      "share_in_ge3": 0.04938271604938271,
      "share_in_ge4": 0.012345679012345678,
      "share_in_ge5": 0.0
    },
    "stability": {
      "domain_mean": 0.15908228507803934,
      "domain_stdev": 0.06717131765992362,
      "eval_mode": "multi_step",
      "filler_mean": 0.17461713332203618,
      "filler_stdev": 0.09650397969569866,
      "model": "claudeopus46",
      "n_batches": 5,
      "n_claims_max": 54,
      "n_claims_mean": 45.8,
      "n_claims_min": 37,
      "n_claims_stdev": 6.058052492344384,
      "question_id": "Q3.1.3",
      "section": 3,
      "stability_score": 0.8263853232238507,
      "unverified_mean": 0.3107074032945926,
      "unverified_stdev": 0.23447849544437566,
      "verified_mean": 0.530210311627368,
      "verified_stdev": 0.29630491430459943
    }
  },
  "claim_type_bucket_matrix": [
    {
      "bucket_counts": {
        "domain_count": 0,
        "filler_count": 0,
        "unverified_count": 0,
        "verified_count": 1
      },
      "bucket_shares": {
        "domain_share": 0.0,
        "filler_share": 0.0,
        "unverified_share": 0.0,
        "verified_share": 1.0
      },
      "claim_type": "calculation",
      "row_total": 1
    },
    {
      "bucket_counts": {
        "domain_count": 1,
        "filler_count": 0,
        "unverified_count": 41,
        "verified_count": 13
      },
      "bucket_shares": {
        "domain_share": 0.01818181818181818,
        "filler_share": 0.0,
        "unverified_share": 0.7454545454545455,
        "verified_share": 0.23636363636363636
      },
      "claim_type": "citation",
      "row_total": 55
    },
    {
      "bucket_counts": {
        "domain_count": 2,
        "filler_count": 0,
        "unverified_count": 1,
        "verified_count": 4
      },
      "bucket_shares": {
        "domain_share": 0.2857142857142857,
        "filler_share": 0.0,
        "unverified_share": 0.14285714285714285,
        "verified_share": 0.5714285714285714
      },
      "claim_type": "comparison",
      "row_total": 7
    },
    {
      "bucket_counts": {
        "domain_count": 0,
        "filler_count": 0,
        "unverified_count": 3,
        "verified_count": 6
      },
      "bucket_shares": {
        "domain_share": 0.0,
        "filler_share": 0.0,
        "unverified_share": 0.3333333333333333,
        "verified_share": 0.6666666666666666
      },
      "claim_type": "counting",
      "row_total": 9
    },
    {
      "bucket_counts": {
        "domain_count": 11,
        "filler_count": 0,
        "unverified_count": 0,
        "verified_count": 0
      },
      "bucket_shares": {
        "domain_share": 1.0,
        "filler_share": 0.0,
        "unverified_share": 0.0,
        "verified_share": 0.0
      },
      "claim_type": "domain_reasoning",
      "row_total": 11
    },
    {
      "bucket_counts": {
        "domain_count": 0,
        "filler_count": 0,
        "unverified_count": 8,
        "verified_count": 58
      },
      "bucket_shares": {
        "domain_share": 0.0,
        "filler_share": 0.0,
        "unverified_share": 0.12121212121212122,
        "verified_share": 0.8787878787878788
      },
      "claim_type": "exact_value",
      "row_total": 66
    },
    {
      "bucket_counts": {
        "domain_count": 0,
        "filler_count": 0,
        "unverified_count": 0,
        "verified_count": 2
      },
      "bucket_shares": {
        "domain_share": 0.0,
        "filler_share": 0.0,
        "unverified_share": 0.0,
        "verified_share": 1.0
      },
      "claim_type": "existence_absence",
      "row_total": 2
    },
    {
      "bucket_counts": {
        "domain_count": 0,
        "filler_count": 40,
        "unverified_count": 0,
        "verified_count": 0
      },
      "bucket_shares": {
        "domain_share": 0.0,
        "filler_share": 1.0,
        "unverified_share": 0.0,
        "verified_share": 0.0
      },
      "claim_type": "filler",
      "row_total": 40
    },
    {
      "bucket_counts": {
        "domain_count": 4,
        "filler_count": 0,
        "unverified_count": 0,
        "verified_count": 3
      },
      "bucket_shares": {
        "domain_share": 0.5714285714285714,
        "filler_share": 0.0,
        "unverified_share": 0.0,
        "verified_share": 0.42857142857142855
      },
      "claim_type": "listing",
      "row_total": 7
    },
    {
      "bucket_counts": {
        "domain_count": 12,
        "filler_count": 0,
        "unverified_count": 2,
        "verified_count": 12
      },
      "bucket_shares": {
        "domain_share": 0.46153846153846156,
        "filler_share": 0.0,
        "unverified_share": 0.07692307692307693,
        "verified_share": 0.46153846153846156
      },
      "claim_type": "property_attribution",
      "row_total": 26
    },
    {
      "bucket_counts": {
        "domain_count": 0,
        "filler_count": 0,
        "unverified_count": 3,
        "verified_count": 1
      },
      "bucket_shares": {
        "domain_share": 0.0,
        "filler_share": 0.0,
        "unverified_share": 0.75,
        "verified_share": 0.25
      },
      "claim_type": "range",
      "row_total": 4
    },
    {
      "bucket_counts": {
        "domain_count": 0,
        "filler_count": 0,
        "unverified_count": 0,
        "verified_count": 1
      },
      "bucket_shares": {
        "domain_share": 0.0,
        "filler_share": 0.0,
        "unverified_share": 0.0,
        "verified_share": 1.0
      },
      "claim_type": "trend",
      "row_total": 1
    }
  ],
  "claim_type_counts": {
    "calculation": 1,
    "citation": 55,
    "comparison": 7,
    "counting": 9,
    "domain_reasoning": 11,
    "exact_value": 66,
    "existence_absence": 2,
    "filler": 40,
    "listing": 7,
    "property_attribution": 26,
    "range": 4,
    "trend": 1
  },
  "claim_type_support_matrix": [
    {
      "claim_type": "calculation",
      "row_total": 1,
      "support_class_counts": {
        "direct": 1,
        "domain_knowledge": 0,
        "inferred": 0,
        "no_tool_data": 0,
        "unsupported": 0
      }
    },
    {
      "claim_type": "citation",
      "row_total": 55,
      "support_class_counts": {
        "direct": 8,
        "domain_knowledge": 1,
        "inferred": 5,
        "no_tool_data": 0,
        "unsupported": 41
      }
    },
    {
      "claim_type": "comparison",
      "row_total": 7,
      "support_class_counts": {
        "direct": 0,
        "domain_knowledge": 2,
        "inferred": 4,
        "no_tool_data": 0,
        "unsupported": 1
      }
    },
    {
      "claim_type": "counting",
      "row_total": 9,
      "support_class_counts": {
        "direct": 5,
        "domain_knowledge": 0,
        "inferred": 1,
        "no_tool_data": 0,
        "unsupported": 3
      }
    },
    {
      "claim_type": "domain_reasoning",
      "row_total": 11,
      "support_class_counts": {
        "direct": 0,
        "domain_knowledge": 11,
        "inferred": 0,
        "no_tool_data": 0,
        "unsupported": 0
      }
    },
    {
      "claim_type": "exact_value",
      "row_total": 66,