{
  "batch_summary": {
    "best_vs_worst": {
      "best_batch": 1,
      "best_verified_share": 0.8095238095238095,
      "eval_mode": "thermo_reasoning",
      "gap": 0.354978354978355,
      "model": "gpt5",
      "n_batches": 5,
      "question_id": "Q3.2.5",
      "section": 3,
      "worst_batch": 3,
      "worst_verified_share": 0.45454545454545453
    },
    "canonical_agreement": {
      "jaccard_max": 1.0,
      "jaccard_mean": 0.8666666666666666,
      "jaccard_min": 0.7777777777777778,
      "model": "gpt5",
      "n_batches": 5,
      "n_unique_union": 9,
      "question_id": "Q3.2.5"
    },
    "numeric_agreement": {
      "model": "gpt5",
      "n_batches": 5,
      "n_unique_numeric_tokens": 49,
      "question_id": "Q3.2.5",
      "share_in_all_batches": 0.22448979591836735,
      "share_in_ge2": 0.4489795918367347,
      "share_in_ge3": 0.3877551020408163,
      "share_in_ge4": 0.2653061224489796,
      "share_in_ge5": 0.22448979591836735
    },
    "stability": {
      "domain_mean": 0.1232900432900433,
      "domain_stdev": 0.023748741778895528,
      "eval_mode": "thermo_reasoning",
      "filler_mean": 0.20999501495513462,
      "filler_stdev": 0.06349219863840576,
      "model": "gpt5",
      "n_batches": 5,
      "n_claims_max": 59,
      "n_claims_mean": 51.2,
      "n_claims_min": 40,
      "n_claims_stdev": 7.08519583356734,
      "question_id": "Q3.2.5",
      "section": 3,
      "stability_score": 0.9060352034711838,
      "unverified_mean": 0.22393939393939394,
      "unverified_stdev": 0.1543740485438352,
      "verified_mean": 0.6527705627705628,
      "verified_stdev": 0.1342441971541281
    }
  },
  "claim_type_bucket_matrix": [
    {
      "bucket_counts": {
        "domain_count": 0,
        "filler_count": 0,
        "unverified_count": 5,
        "verified_count": 2
      },
      "bucket_shares": {
        "domain_share": 0.0,
        "filler_share": 0.0,
        "unverified_share": 0.7142857142857143,
        "verified_share": 0.2857142857142857
      },
      "claim_type": "calculation",
      "row_total": 7
    },
    {
      "bucket_counts": {
        "domain_count": 0,
        "filler_count": 0,
        "unverified_count": 2,
        "verified_count": 10
      },
      "bucket_shares": {
        "domain_share": 0.0,
        "filler_share": 0.0,
        "unverified_share": 0.16666666666666666,
        "verified_share": 0.8333333333333334
      },
      "claim_type": "citation",
      "row_total": 12
    },
    {
      "bucket_counts": {
        "domain_count": 2,
        "filler_count": 0,
        "unverified_count": 8,
        "verified_count": 4
      },
      "bucket_shares": {
        "domain_share": 0.14285714285714285,
        "filler_share": 0.0,
        "unverified_share": 0.5714285714285714,
        "verified_share": 0.2857142857142857
      },
      "claim_type": "comparison",
      "row_total": 14
    },
    {
      "bucket_counts": {
        "domain_count": 0,
        "filler_count": 0,
        "unverified_count": 0,
        "verified_count": 4
      },
      "bucket_shares": {
        "domain_share": 0.0,
        "filler_share": 0.0,
        "unverified_share": 0.0,
        "verified_share": 1.0
      },
      "claim_type": "counting",
      "row_total": 4
    },
    {
      "bucket_counts": {
        "domain_count": 12,
        "filler_count": 0,
        "unverified_count": 0,
        "verified_count": 0
      },
      "bucket_shares": {
        "domain_share": 1.0,
        "filler_share": 0.0,
        "unverified_share": 0.0,
        "verified_share": 0.0
      },
      "claim_type": "domain_reasoning",
      "row_total": 12
    },
    {
      "bucket_counts": {
        "domain_count": 0,
        "filler_count": 0,
        "unverified_count": 14,
        "verified_count": 51
      },
      "bucket_shares": {
        "domain_share": 0.0,
        "filler_share": 0.0,
        "unverified_share": 0.2153846153846154,
        "verified_share": 0.7846153846153846
      },
      "claim_type": "exact_value",
      "row_total": 65
    },
    {
      "bucket_counts": {
        "domain_count": 0,
        "filler_count": 0,
        "unverified_count": 1,
        "verified_count": 8
      },
      "bucket_shares": {
        "domain_share": 0.0,
        "filler_share": 0.0,
        "unverified_share": 0.1111111111111111,
        "verified_share": 0.8888888888888888
      },
      "claim_type": "existence_absence",
      "row_total": 9
    },
    {
      "bucket_counts": {
        "domain_count": 0,
        "filler_count": 55,
        "unverified_count": 0,
        "verified_count": 0
      },
      "bucket_shares": {
        "domain_share": 0.0,
        "filler_share": 1.0,
        "unverified_share": 0.0,
        "verified_share": 0.0
      },
      "claim_type": "filler",
      "row_total": 55
    },
    {
      "bucket_counts": {
        "domain_count": 1,
        "filler_count": 0,
        "unverified_count": 2,
        "verified_count": 34
      },
      "bucket_shares": {
        "domain_share": 0.02702702702702703,
        "filler_share": 0.0,
        "unverified_share": 0.05405405405405406,
        "verified_share": 0.918918918918919
      },
      "claim_type": "listing",
      "row_total": 37
    },
    {
      "bucket_counts": {
        "domain_count": 10,
        "filler_count": 0,
        "unverified_count": 10,
        "verified_count": 17
      },
      "bucket_shares": {
        "domain_share": 0.2702702702702703,
        "filler_share": 0.0,
        "unverified_share": 0.2702702702702703,
        "verified_share": 0.4594594594594595
      },
      "claim_type": "property_attribution",
      "row_total": 37
    },
    {
      "bucket_counts": {
        "domain_count": 0,
        "filler_count": 0,
        "unverified_count": 1,
        "verified_count": 0
      },
      "bucket_shares": {
        "domain_share": 0.0,
        "filler_share": 0.0,
        "unverified_share": 1.0,
        "verified_share": 0.0
      },
      "claim_type": "range",
      "row_total": 1
    },
    {
      "bucket_counts": {
        "domain_count": 0,
        "filler_count": 0,
        "unverified_count": 0,
        "verified_count": 3
      },
      "bucket_shares": {
        "domain_share": 0.0,
        "filler_share": 0.0,
        "unverified_share": 0.0,
        "verified_share": 1.0
      },
      "claim_type": "trend",
      "row_total": 3
    }
  ],
  "claim_type_counts": {
    "calculation": 7,
    "citation": 12,
    "comparison": 14,
    "counting": 4,
    "domain_reasoning": 12,
    "exact_value": 65,
    "existence_absence": 9,
    "filler": 55,
    "listing": 37,
    "property_attribution": 37,
    "range": 1,
    "trend": 3
  },
  "claim_type_support_matrix": [
    {
      "claim_type": "calculation",
      "row_total": 7,
      "support_class_counts": {
        "direct": 2,
        "domain_knowledge": 0,
        "inferred": 0,
        "no_tool_data": 0,
        "unsupported": 5
      }
    },
    {
      "claim_type": "citation",
      "row_total": 12,
      "support_class_counts": {
        "direct": 4,
        "domain_knowledge": 0,
        "inferred": 6,
        "no_tool_data": 1,
        "unsupported": 1
      }
    },
    {
      "claim_type": "comparison",
      "row_total": 14,
      "support_class_counts": {
        "direct": 1,
        "domain_knowledge": 2,
        "inferred": 3,
        "no_tool_data": 0,
        "unsupported": 8
      }
    },
    {
      "claim_type": "counting",
      "row_total": 4,
      "support_class_counts": {
        "direct": 1,
        "domain_knowledge": 0,
        "inferred": 3,
        "no_tool_data": 0,
        "unsupported": 0
      }
    },
    {
      "claim_type": "domain_reasoning",
      "row_total": 12,
      "support_class_counts": {
        "direct": 0,
        "domain_knowledge": 12,
        "inferred": 0,
        "no_tool_data": 0,
        "unsupported": 0
      }
    },
    {
      "claim_type": "exact_value",
      "row_total": 65,