{
  "batch_summary": {
    "best_vs_worst": {
      "best_batch": 4,
      "best_verified_share": 0.6888888888888889,
      "eval_mode": "thermo_reasoning",
      "gap": 0.5388888888888889,
      "model": "claudeopus46",
      "n_batches": 5,
      "question_id": "Q3.2.5",
      "section": 3,
      "worst_batch": 1,
      "worst_verified_share": 0.15
    },
    "canonical_agreement": {
      "jaccard_max": 1.0,
      "jaccard_mean": 0.6606060606060606,
      "jaccard_min": 0.2727272727272727,
      "model": "claudeopus46",
      "n_batches": 5,
      "n_unique_union": 11,
      "question_id": "Q3.2.5"
    },
    "numeric_agreement": {
      "model": "claudeopus46",
      "n_batches": 5,
      "n_unique_numeric_tokens": 55,
      "question_id": "Q3.2.5",
      "share_in_all_batches": 0.14545454545454545,
      "share_in_ge2": 0.43636363636363634,
      "share_in_ge3": 0.36363636363636365,
      "share_in_ge4": 0.3090909090909091,
      "share_in_ge5": 0.14545454545454545
    },
    "stability": {
      "domain_mean": 0.29985722845202545,
      "domain_stdev": 0.06187551425566168,
      "eval_mode": "thermo_reasoning",
      "filler_mean": 0.17194004874677143,
      "filler_stdev": 0.045499884768277585,
      "model": "claudeopus46",
      "n_batches": 5,
      "n_claims_max": 60,
      "n_claims_mean": 53.0,
      "n_claims_min": 49,
      "n_claims_stdev": 4.527692569068709,
      "question_id": "Q3.2.5",
      "section": 3,
      "stability_score": 0.8609423977834625,
      "unverified_mean": 0.17822135982691928,
      "unverified_stdev": 0.2359917768273885,
      "verified_mean": 0.5219214117210552,
      "verified_stdev": 0.2128632330148221
    }
  },
  "claim_type_bucket_matrix": [
    {
      "bucket_counts": {
        "domain_count": 1,
        "filler_count": 0,
        "unverified_count": 8,
        "verified_count": 12
      },
      "bucket_shares": {
        "domain_share": 0.047619047619047616,
        "filler_share": 0.0,
        "unverified_share": 0.38095238095238093,
        "verified_share": 0.5714285714285714
      },
      "claim_type": "calculation",
      "row_total": 21
    },
    {
      "bucket_counts": {
        "domain_count": 0,
        "filler_count": 0,
        "unverified_count": 1,
        "verified_count": 14
      },
      "bucket_shares": {
        "domain_share": 0.0,
        "filler_share": 0.0,
        "unverified_share": 0.06666666666666667,
        "verified_share": 0.9333333333333333
      },
      "claim_type": "citation",
      "row_total": 15
    },
    {
      "bucket_counts": {
        "domain_count": 2,
        "filler_count": 0,
        "unverified_count": 1,
        "verified_count": 5
      },
      "bucket_shares": {
        "domain_share": 0.25,
        "filler_share": 0.0,
        "unverified_share": 0.125,
        "verified_share": 0.625
      },
      "claim_type": "comparison",
      "row_total": 8
    },
    {
      "bucket_counts": {
        "domain_count": 0,
        "filler_count": 0,
        "unverified_count": 1,
        "verified_count": 5
      },
      "bucket_shares": {
        "domain_share": 0.0,
        "filler_share": 0.0,
        "unverified_share": 0.16666666666666666,
        "verified_share": 0.8333333333333334
      },
      "claim_type": "counting",
      "row_total": 6
    },
    {
      "bucket_counts": {
        "domain_count": 40,
        "filler_count": 0,
        "unverified_count": 0,
        "verified_count": 5
      },
      "bucket_shares": {
        "domain_share": 0.8888888888888888,
        "filler_share": 0.0,
        "unverified_share": 0.0,
        "verified_share": 0.1111111111111111
      },
      "claim_type": "domain_reasoning",
      "row_total": 45
    },
    {
      "bucket_counts": {
        "domain_count": 2,
        "filler_count": 0,
        "unverified_count": 19,
        "verified_count": 51
      },
      "bucket_shares": {
        "domain_share": 0.027777777777777776,
        "filler_share": 0.0,
        "unverified_share": 0.2638888888888889,
        "verified_share": 0.7083333333333334
      },
      "claim_type": "exact_value",
      "row_total": 72
    },
    {
      "bucket_counts": {
        "domain_count": 0,
        "filler_count": 0,
        "unverified_count": 0,
        "verified_count": 1
      },
      "bucket_shares": {
        "domain_share": 0.0,
        "filler_share": 0.0,
        "unverified_share": 0.0,
        "verified_share": 1.0
      },
      "claim_type": "existence_absence",
      "row_total": 1
    },
    {
      "bucket_counts": {
        "domain_count": 0,
        "filler_count": 46,
        "unverified_count": 0,
        "verified_count": 0
      },
      "bucket_shares": {
        "domain_share": 0.0,
        "filler_share": 1.0,
        "unverified_share": 0.0,
        "verified_share": 0.0
      },
      "claim_type": "filler",
      "row_total": 46
    },
    {
      "bucket_counts": {
        "domain_count": 10,
        "filler_count": 0,
        "unverified_count": 1,
        "verified_count": 9
      },
      "bucket_shares": {
        "domain_share": 0.5,
        "filler_share": 0.0,
        "unverified_share": 0.05,
        "verified_share": 0.45
      },
      "claim_type": "listing",
      "row_total": 20
    },
    {
      "bucket_counts": {
        "domain_count": 7,
        "filler_count": 0,
        "unverified_count": 1,
        "verified_count": 8
      },
      "bucket_shares": {
        "domain_share": 0.4375,
        "filler_share": 0.0,
        "unverified_share": 0.0625,
        "verified_share": 0.5
      },
      "claim_type": "property_attribution",
      "row_total": 16
    },
    {
      "bucket_counts": {
        "domain_count": 2,
        "filler_count": 0,
        "unverified_count": 4,
        "verified_count": 3
      },
      "bucket_shares": {
        "domain_share": 0.2222222222222222,
        "filler_share": 0.0,
        "unverified_share": 0.4444444444444444,
        "verified_share": 0.3333333333333333
      },
      "claim_type": "range",
      "row_total": 9
    },
    {
      "bucket_counts": {
        "domain_count": 2,
        "filler_count": 0,
        "unverified_count": 1,
        "verified_count": 3
      },
      "bucket_shares": {
        "domain_share": 0.3333333333333333,
        "filler_share": 0.0,
        "unverified_share": 0.16666666666666666,
        "verified_share": 0.5
      },
      "claim_type": "trend",
      "row_total": 6
    }
  ],
  "claim_type_counts": {
    "calculation": 21,
    "citation": 15,
    "comparison": 8,
    "counting": 6,
    "domain_reasoning": 45,
    "exact_value": 72,
    "existence_absence": 1,
    "filler": 46,
    "listing": 20,
    "property_attribution": 16,
    "range": 9,
    "trend": 6
  },
  "claim_type_support_matrix": [
    {
      "claim_type": "calculation",
      "row_total": 21,
      "support_class_counts": {
        "direct": 9,
        "domain_knowledge": 1,
        "inferred": 3,
        "no_tool_data": 4,
        "unsupported": 4
      }
    },
    {
      "claim_type": "citation",
      "row_total": 15,
      "support_class_counts": {
        "direct": 7,
        "domain_knowledge": 0,
        "inferred": 7,
        "no_tool_data": 0,
        "unsupported": 1
      }
    },
    {
      "claim_type": "comparison",
      "row_total": 8,
      "support_class_counts": {
        "direct": 1,
        "domain_knowledge": 2,
        "inferred": 4,
        "no_tool_data": 0,
        "unsupported": 1
      }
    },
    {
      "claim_type": "counting",
      "row_total": 6,
      "support_class_counts": {
        "direct": 1,
        "domain_knowledge": 0,
        "inferred": 4,
        "no_tool_data": 0,
        "unsupported": 1
      }
    },
    {
      "claim_type": "domain_reasoning",
      "row_total": 45,
      "support_class_counts": {
        "direct": 0,
        "domain_knowledge": 40,
        "inferred": 5,
        "no_tool_data": 0,