{
  "batch_summary": {
    "best_vs_worst": {
      "best_batch": 1,
      "best_verified_share": 0.640625,
      "eval_mode": "multi_step",
      "gap": 0.5109953703703703,
      "model": "claudeopus46",
      "n_batches": 5,
      "question_id": "Q3.1.1",
      "section": 3,
      "worst_batch": 3,
      "worst_verified_share": 0.12962962962962962
    },
    "canonical_agreement": {
      "jaccard_max": 0.6666666666666666,
      "jaccard_mean": 0.23083361241255976,
      "jaccard_min": 0.02702702702702703,
      "model": "claudeopus46",
      "n_batches": 5,
      "n_unique_union": 39,
      "question_id": "Q3.1.1"
    },
    "numeric_agreement": {
      "model": "claudeopus46",
      "n_batches": 5,
      "n_unique_numeric_tokens": 122,
      "question_id": "Q3.1.1",
      "share_in_all_batches": 0.01639344262295082,
      "share_in_ge2": 0.3114754098360656,
      "share_in_ge3": 0.1721311475409836,
      "share_in_ge4": 0.06557377049180328,
      "share_in_ge5": 0.01639344262295082
    },
    "stability": {
      "domain_mean": 0.2832304680266802,
      "domain_stdev": 0.11910776723996236,
      "eval_mode": "multi_step",
      "filler_mean": 0.15963931898288417,
      "filler_stdev": 0.05912297908965149,
      "model": "claudeopus46",
      "n_batches": 5,
      "n_claims_max": 83,
      "n_claims_mean": 68.6,
      "n_claims_min": 51,
      "n_claims_stdev": 12.895735729302148,
      "question_id": "Q3.1.1",
      "section": 3,
      "stability_score": 0.841982419042107,
      "unverified_mean": 0.4567179205249194,
      "unverified_stdev": 0.23977253176561433,
      "verified_mean": 0.26005161144840044,
      "verified_stdev": 0.21406704573634355
    }
  },
  "claim_type_bucket_matrix": [
    {
      "bucket_counts": {
        "domain_count": 0,
        "filler_count": 0,
        "unverified_count": 0,
        "verified_count": 0
      },
      "bucket_shares": {
        "domain_share": 0.0,
        "filler_share": 0.0,
        "unverified_share": 0.0,
        "verified_share": 0.0
      },
      "claim_type": "calculation",
      "row_total": 0
    },
    {
      "bucket_counts": {
        "domain_count": 2,
        "filler_count": 0,
        "unverified_count": 2,
        "verified_count": 11
      },
      "bucket_shares": {
        "domain_share": 0.13333333333333333,
        "filler_share": 0.0,
        "unverified_share": 0.13333333333333333,
        "verified_share": 0.7333333333333333
      },
      "claim_type": "citation",
      "row_total": 15
    },
    {
      "bucket_counts": {
        "domain_count": 7,
        "filler_count": 0,
        "unverified_count": 15,
        "verified_count": 1
      },
      "bucket_shares": {
        "domain_share": 0.30434782608695654,
        "filler_share": 0.0,
        "unverified_share": 0.6521739130434783,
        "verified_share": 0.043478260869565216
      },
      "claim_type": "comparison",
      "row_total": 23
    },
    {
      "bucket_counts": {
        "domain_count": 0,
        "filler_count": 0,
        "unverified_count": 3,
        "verified_count": 8
      },
      "bucket_shares": {
        "domain_share": 0.0,
        "filler_share": 0.0,
        "unverified_share": 0.2727272727272727,
        "verified_share": 0.7272727272727273
      },
      "claim_type": "counting",
      "row_total": 11
    },
    {
      "bucket_counts": {
        "domain_count": 27,
        "filler_count": 0,
        "unverified_count": 0,
        "verified_count": 0
      },
      "bucket_shares": {
        "domain_share": 1.0,
        "filler_share": 0.0,
        "unverified_share": 0.0,
        "verified_share": 0.0
      },
      "claim_type": "domain_reasoning",
      "row_total": 27
    },
    {
      "bucket_counts": {
        "domain_count": 0,
        "filler_count": 0,
        "unverified_count": 63,
        "verified_count": 27
      },
      "bucket_shares": {
        "domain_share": 0.0,
        "filler_share": 0.0,
        "unverified_share": 0.7,
        "verified_share": 0.3
      },
      "claim_type": "exact_value",
      "row_total": 90
    },
    {
      "bucket_counts": {
        "domain_count": 3,
        "filler_count": 0,
        "unverified_count": 5,
        "verified_count": 4
      },
      "bucket_shares": {
        "domain_share": 0.25,
        "filler_share": 0.0,
        "unverified_share": 0.4166666666666667,
        "verified_share": 0.3333333333333333
      },
      "claim_type": "existence_absence",
      "row_total": 12
    },
    {
      "bucket_counts": {
        "domain_count": 0,
        "filler_count": 53,
        "unverified_count": 0,
        "verified_count": 0
      },
      "bucket_shares": {
        "domain_share": 0.0,
        "filler_share": 1.0,
        "unverified_share": 0.0,
        "verified_share": 0.0
      },
      "claim_type": "filler",
      "row_total": 53
    },
    {
      "bucket_counts": {
        "domain_count": 8,
        "filler_count": 0,
        "unverified_count": 4,
        "verified_count": 15
      },
      "bucket_shares": {
        "domain_share": 0.2962962962962963,
        "filler_share": 0.0,
        "unverified_share": 0.14814814814814814,
        "verified_share": 0.5555555555555556
      },
      "claim_type": "listing",
      "row_total": 27
    },
    {
      "bucket_counts": {
        "domain_count": 32,
        "filler_count": 0,
        "unverified_count": 36,
        "verified_count": 12
      },
      "bucket_shares": {
        "domain_share": 0.4,
        "filler_share": 0.0,
        "unverified_share": 0.45,
        "verified_share": 0.15
      },
      "claim_type": "property_attribution",
      "row_total": 80
    },
    {
      "bucket_counts": {
        "domain_count": 0,
        "filler_count": 0,
        "unverified_count": 3,
        "verified_count": 1
      },
      "bucket_shares": {
        "domain_share": 0.0,
        "filler_share": 0.0,
        "unverified_share": 0.75,
        "verified_share": 0.25
      },
      "claim_type": "range",
      "row_total": 4
    },
    {
      "bucket_counts": {
        "domain_count": 1,
        "filler_count": 0,
        "unverified_count": 0,
        "verified_count": 0
      },
      "bucket_shares": {
        "domain_share": 1.0,
        "filler_share": 0.0,
        "unverified_share": 0.0,
        "verified_share": 0.0
      },
      "claim_type": "trend",
      "row_total": 1
    }
  ],
  "claim_type_counts": {
    "calculation": 0,
    "citation": 15,
    "comparison": 23,
    "counting": 11,
    "domain_reasoning": 27,
    "exact_value": 90,
    "existence_absence": 12,
    "filler": 53,
    "listing": 27,
    "property_attribution": 80,
    "range": 4,
    "trend": 1
  },
  "claim_type_support_matrix": [
    {
      "claim_type": "calculation",
      "row_total": 0,
      "support_class_counts": {
        "direct": 0,
        "domain_knowledge": 0,
        "inferred": 0,
        "no_tool_data": 0,
        "unsupported": 0
      }
    },
    {
      "claim_type": "citation",
      "row_total": 15,
      "support_class_counts": {
        "direct": 5,
        "domain_knowledge": 2,
        "inferred": 6,
        "no_tool_data": 2,
        "unsupported": 0
      }
    },
    {
      "claim_type": "comparison",
      "row_total": 23,
      "support_class_counts": {
        "direct": 0,
        "domain_knowledge": 7,
        "inferred": 1,
        "no_tool_data": 0,
        "unsupported": 15
      }
    },
    {
      "claim_type": "counting",
      "row_total": 11,
      "support_class_counts": {
        "direct": 5,
        "domain_knowledge": 0,
        "inferred": 3,
        "no_tool_data": 0,
        "unsupported": 3
      }
    },
    {
      "claim_type": "domain_reasoning",
      "row_total": 27,
      "support_class_counts": {
        "direct": 0,
        "domain_knowledge": 27,
        "inferred": 0,
        "no_tool_data": 0,
        "unsupported": 0
      }
    },
    {
      "claim_type": "exact_value",
      "row_total": 90,