{
  "batch_summary": {
    "best_vs_worst": {
      "best_batch": 3,
      "best_verified_share": 0.9285714285714286,
      "eval_mode": "direct_lookup",
      "gap": 0.08646616541353391,
      "model": "gpt5",
      "n_batches": 5,
      "question_id": "Q1.1.4",
      "section": 1,
      "worst_batch": 4,
      "worst_verified_share": 0.8421052631578947
    },
    "canonical_agreement": {
      "jaccard_max": 1.0,
      "jaccard_mean": 0.5881283422459893,
      "jaccard_min": 0.11764705882352941,
      "model": "gpt5",
      "n_batches": 5,
      "n_unique_union": 34,
      "question_id": "Q1.1.4"
    },
    "numeric_agreement": {
      "model": "gpt5",
      "n_batches": 5,
      "n_unique_numeric_tokens": 105,
      "question_id": "Q1.1.4",
      "share_in_all_batches": 0.05714285714285714,
      "share_in_ge2": 0.42857142857142855,
      "share_in_ge3": 0.23809523809523808,
      "share_in_ge4": 0.0761904761904762,
      "share_in_ge5": 0.05714285714285714
    },
    "stability": {
      "domain_mean": 0.07586215538847117,
      "domain_stdev": 0.025248534400909507,
      "eval_mode": "direct_lookup",
      "filler_mean": 0.21602187043495538,
      "filler_stdev": 0.07221516335005686,
      "model": "gpt5",
      "n_batches": 5,
      "n_claims_max": 67,
      "n_claims_mean": 44.4,
      "n_claims_min": 24,
      "n_claims_stdev": 15.725775020646836,
      "question_id": "Q1.1.4",
      "section": 1,
      "stability_score": 0.9583979335978182,
      "unverified_mean": 0.04378028404344193,
      "unverified_stdev": 0.028166676698888542,
      "verified_mean": 0.8803575605680869,
      "verified_stdev": 0.0407778911588723
    }
  },
  "claim_type_bucket_matrix": [
    {
      "bucket_counts": {
        "domain_count": 2,
        "filler_count": 0,
        "unverified_count": 0,
        "verified_count": 2
      },
      "bucket_shares": {
        "domain_share": 0.5,
        "filler_share": 0.0,
        "unverified_share": 0.0,
        "verified_share": 0.5
      },
      "claim_type": "calculation",
      "row_total": 4
    },
    {
      "bucket_counts": {
        "domain_count": 0,
        "filler_count": 0,
        "unverified_count": 3,
        "verified_count": 10
      },
      "bucket_shares": {
        "domain_share": 0.0,
        "filler_share": 0.0,
        "unverified_share": 0.23076923076923078,
        "verified_share": 0.7692307692307693
      },
      "claim_type": "citation",
      "row_total": 13
    },
    {
      "bucket_counts": {
        "domain_count": 0,
        "filler_count": 0,
        "unverified_count": 0,
        "verified_count": 2
      },
      "bucket_shares": {
        "domain_share": 0.0,
        "filler_share": 0.0,
        "unverified_share": 0.0,
        "verified_share": 1.0
      },
      "claim_type": "comparison",
      "row_total": 2
    },
    {
      "bucket_counts": {
        "domain_count": 0,
        "filler_count": 0,
        "unverified_count": 0,
        "verified_count": 8
      },
      "bucket_shares": {
        "domain_share": 0.0,
        "filler_share": 0.0,
        "unverified_share": 0.0,
        "verified_share": 1.0
      },
      "claim_type": "counting",
      "row_total": 8
    },
    {
      "bucket_counts": {
        "domain_count": 6,
        "filler_count": 0,
        "unverified_count": 0,
        "verified_count": 1
      },
      "bucket_shares": {
        "domain_share": 0.8571428571428571,
        "filler_share": 0.0,
        "unverified_share": 0.0,
        "verified_share": 0.14285714285714285
      },
      "claim_type": "domain_reasoning",
      "row_total": 7
    },
    {
      "bucket_counts": {
        "domain_count": 0,
        "filler_count": 0,
        "unverified_count": 0,
        "verified_count": 68
      },
      "bucket_shares": {
        "domain_share": 0.0,
        "filler_share": 0.0,
        "unverified_share": 0.0,
        "verified_share": 1.0
      },
      "claim_type": "exact_value",
      "row_total": 68
    },
    {
      "bucket_counts": {
        "domain_count": 0,
        "filler_count": 0,
        "unverified_count": 1,
        "verified_count": 5
      },
      "bucket_shares": {
        "domain_share": 0.0,
        "filler_share": 0.0,
        "unverified_share": 0.16666666666666666,
        "verified_share": 0.8333333333333334
      },
      "claim_type": "existence_absence",
      "row_total": 6
    },
    {
      "bucket_counts": {
        "domain_count": 0,
        "filler_count": 46,
        "unverified_count": 0,
        "verified_count": 0
      },
      "bucket_shares": {
        "domain_share": 0.0,
        "filler_share": 1.0,
        "unverified_share": 0.0,
        "verified_share": 0.0
      },
      "claim_type": "filler",
      "row_total": 46
    },
    {
      "bucket_counts": {
        "domain_count": 1,
        "filler_count": 0,
        "unverified_count": 2,
        "verified_count": 13
      },
      "bucket_shares": {
        "domain_share": 0.0625,
        "filler_share": 0.0,
        "unverified_share": 0.125,
        "verified_share": 0.8125
      },
      "claim_type": "listing",
      "row_total": 16
    },
    {
      "bucket_counts": {
        "domain_count": 3,
        "filler_count": 0,
        "unverified_count": 1,
        "verified_count": 24
      },
      "bucket_shares": {
        "domain_share": 0.10714285714285714,
        "filler_share": 0.0,
        "unverified_share": 0.03571428571428571,
        "verified_share": 0.8571428571428571
      },
      "claim_type": "property_attribution",
      "row_total": 28
    },
    {
      "bucket_counts": {
        "domain_count": 0,
        "filler_count": 0,
        "unverified_count": 1,
        "verified_count": 20
      },
      "bucket_shares": {
        "domain_share": 0.0,
        "filler_share": 0.0,
        "unverified_share": 0.047619047619047616,
        "verified_share": 0.9523809523809523
      },
      "claim_type": "range",
      "row_total": 21
    },
    {
      "bucket_counts": {
        "domain_count": 0,
        "filler_count": 0,
        "unverified_count": 0,
        "verified_count": 3
      },
      "bucket_shares": {
        "domain_share": 0.0,
        "filler_share": 0.0,
        "unverified_share": 0.0,
        "verified_share": 1.0
      },
      "claim_type": "trend",
      "row_total": 3
    }
  ],
  "claim_type_counts": {
    "calculation": 4,
    "citation": 13,
    "comparison": 2,
    "counting": 8,
    "domain_reasoning": 7,
    "exact_value": 68,
    "existence_absence": 6,
    "filler": 46,
    "listing": 16,
    "property_attribution": 28,
    "range": 21,
    "trend": 3
  },
  "claim_type_support_matrix": [
    {
      "claim_type": "calculation",
      "row_total": 4,
      "support_class_counts": {
        "direct": 1,
        "domain_knowledge": 2,
        "inferred": 1,
        "no_tool_data": 0,
        "unsupported": 0
      }
    },
    {
      "claim_type": "citation",
      "row_total": 13,
      "support_class_counts": {
        "direct": 4,
        "domain_knowledge": 0,
        "inferred": 6,
        "no_tool_data": 1,
        "unsupported": 2
      }
    },
    {
      "claim_type": "comparison",
      "row_total": 2,
      "support_class_counts": {
        "direct": 0,
        "domain_knowledge": 0,
        "inferred": 2,
        "no_tool_data": 0,
        "unsupported": 0
      }
    },
    {
      "claim_type": "counting",
      "row_total": 8,
      "support_class_counts": {
        "direct": 6,
        "domain_knowledge": 0,
        "inferred": 2,
        "no_tool_data": 0,
        "unsupported": 0
      }
    },
    {
      "claim_type": "domain_reasoning",
      "row_total": 7,
      "support_class_counts": {
        "direct": 0,
        "domain_knowledge": 6,
        "inferred": 1,
        "no_tool_data": 0,
        "unsupported": 0
      }
    },
    {
      "claim_type": "exact_value",
      "row_total": 68,
      "support_class_counts": {
        "direct": 68,
        "domain_knowledge": 0,