{
  "batch_summary": {
    "best_vs_worst": {
      "best_batch": 2,
      "best_verified_share": 0.9180327868852459,
      "eval_mode": "ambiguous",
      "gap": 0.31803278688524594,
      "model": "gpt5",
      "n_batches": 5,
      "question_id": "Q5.1.1",
      "section": 5.1,
      "worst_batch": 4,
      "worst_verified_share": 0.6
    },
    "canonical_agreement": {
      "jaccard_max": 0.2553191489361702,
      "jaccard_mean": 0.12809149632473738,
      "jaccard_min": 0.022222222222222223,
      "model": "gpt5",
      "n_batches": 5,
      "n_unique_union": 141,
      "question_id": "Q5.1.1"
    },
    "numeric_agreement": {
      "model": "gpt5",
      "n_batches": 5,
      "n_unique_numeric_tokens": 168,
      "question_id": "Q5.1.1",
      "share_in_all_batches": 0.011904761904761904,
      "share_in_ge2": 0.23214285714285715,
      "share_in_ge3": 0.041666666666666664,
      "share_in_ge4": 0.02976190476190476,
      "share_in_ge5": 0.011904761904761904
    },
    "stability": {
      "domain_mean": 0.1049625380341515,
      "domain_stdev": 0.07809373389703413,
      "eval_mode": "ambiguous",
      "filler_mean": 0.23441963877905234,
      "filler_stdev": 0.10908917427925366,
      "model": "gpt5",
      "n_batches": 5,
      "n_claims_max": 89,
      "n_claims_mean": 58.6,
      "n_claims_min": 41,
      "n_claims_stdev": 20.378910667648555,
      "question_id": "Q5.1.1",
      "section": 5.1,
      "stability_score": 0.8943234293713402,
      "unverified_mean": 0.08858858858858858,
      "unverified_stdev": 0.10104781596631375,
      "verified_mean": 0.8064488733772599,
      "verified_stdev": 0.13447555837203753
    }
  },
  "claim_type_bucket_matrix": [
    {
      "bucket_counts": {
        "domain_count": 0,
        "filler_count": 0,
        "unverified_count": 0,
        "verified_count": 0
      },
      "bucket_shares": {
        "domain_share": 0.0,
        "filler_share": 0.0,
        "unverified_share": 0.0,
        "verified_share": 0.0
      },
      "claim_type": "calculation",
      "row_total": 0
    },
    {
      "bucket_counts": {
        "domain_count": 0,
        "filler_count": 0,
        "unverified_count": 1,
        "verified_count": 12
      },
      "bucket_shares": {
        "domain_share": 0.0,
        "filler_share": 0.0,
        "unverified_share": 0.07692307692307693,
        "verified_share": 0.9230769230769231
      },
      "claim_type": "citation",
      "row_total": 13
    },
    {
      "bucket_counts": {
        "domain_count": 0,
        "filler_count": 0,
        "unverified_count": 0,
        "verified_count": 10
      },
      "bucket_shares": {
        "domain_share": 0.0,
        "filler_share": 0.0,
        "unverified_share": 0.0,
        "verified_share": 1.0
      },
      "claim_type": "comparison",
      "row_total": 10
    },
    {
      "bucket_counts": {
        "domain_count": 0,
        "filler_count": 0,
        "unverified_count": 0,
        "verified_count": 1
      },
      "bucket_shares": {
        "domain_share": 0.0,
        "filler_share": 0.0,
        "unverified_share": 0.0,
        "verified_share": 1.0
      },
      "claim_type": "counting",
      "row_total": 1
    },
    {
      "bucket_counts": {
        "domain_count": 13,
        "filler_count": 0,
        "unverified_count": 0,
        "verified_count": 2
      },
      "bucket_shares": {
        "domain_share": 0.8666666666666667,
        "filler_share": 0.0,
        "unverified_share": 0.0,
        "verified_share": 0.13333333333333333
      },
      "claim_type": "domain_reasoning",
      "row_total": 15
    },
    {
      "bucket_counts": {
        "domain_count": 4,
        "filler_count": 0,
        "unverified_count": 9,
        "verified_count": 80
      },
      "bucket_shares": {
        "domain_share": 0.043010752688172046,
        "filler_share": 0.0,
        "unverified_share": 0.0967741935483871,
        "verified_share": 0.8602150537634409
      },
      "claim_type": "exact_value",
      "row_total": 93
    },
    {
      "bucket_counts": {
        "domain_count": 0,
        "filler_count": 0,
        "unverified_count": 2,
        "verified_count": 12
      },
      "bucket_shares": {
        "domain_share": 0.0,
        "filler_share": 0.0,
        "unverified_share": 0.14285714285714285,
        "verified_share": 0.8571428571428571
      },
      "claim_type": "existence_absence",
      "row_total": 14
    },
    {
      "bucket_counts": {
        "domain_count": 0,
        "filler_count": 62,
        "unverified_count": 0,
        "verified_count": 0
      },
      "bucket_shares": {
        "domain_share": 0.0,
        "filler_share": 1.0,
        "unverified_share": 0.0,
        "verified_share": 0.0
      },
      "claim_type": "filler",
      "row_total": 62
    },
    {
      "bucket_counts": {
        "domain_count": 2,
        "filler_count": 0,
        "unverified_count": 0,
        "verified_count": 29
      },
      "bucket_shares": {
        "domain_share": 0.06451612903225806,
        "filler_share": 0.0,
        "unverified_share": 0.0,
        "verified_share": 0.9354838709677419
      },
      "claim_type": "listing",
      "row_total": 31
    },
    {
      "bucket_counts": {
        "domain_count": 5,
        "filler_count": 0,
        "unverified_count": 1,
        "verified_count": 31
      },
      "bucket_shares": {
        "domain_share": 0.13513513513513514,
        "filler_share": 0.0,
        "unverified_share": 0.02702702702702703,
        "verified_share": 0.8378378378378378
      },
      "claim_type": "property_attribution",
      "row_total": 37
    },
    {
      "bucket_counts": {
        "domain_count": 0,
        "filler_count": 0,
        "unverified_count": 0,
        "verified_count": 7
      },
      "bucket_shares": {
        "domain_share": 0.0,
        "filler_share": 0.0,
        "unverified_share": 0.0,
        "verified_share": 1.0
      },
      "claim_type": "range",
      "row_total": 7
    },
    {
      "bucket_counts": {
        "domain_count": 0,
        "filler_count": 0,
        "unverified_count": 0,
        "verified_count": 10
      },
      "bucket_shares": {
        "domain_share": 0.0,
        "filler_share": 0.0,
        "unverified_share": 0.0,
        "verified_share": 1.0
      },
      "claim_type": "trend",
      "row_total": 10
    }
  ],
  "claim_type_counts": {
    "calculation": 0,
    "citation": 13,
    "comparison": 10,
    "counting": 1,
    "domain_reasoning": 15,
    "exact_value": 93,
    "existence_absence": 14,
    "filler": 62,
    "listing": 31,
    "property_attribution": 37,
    "range": 7,
    "trend": 10
  },
  "claim_type_support_matrix": [
    {
      "claim_type": "calculation",
      "row_total": 0,
      "support_class_counts": {
        "direct": 0,
        "domain_knowledge": 0,
        "inferred": 0,
        "no_tool_data": 0,
        "unsupported": 0
      }
    },
    {
      "claim_type": "citation",
      "row_total": 13,
      "support_class_counts": {
        "direct": 3,
        "domain_knowledge": 0,
        "inferred": 9,
        "no_tool_data": 0,
        "unsupported": 1
      }
    },
    {
      "claim_type": "comparison",
      "row_total": 10,
      "support_class_counts": {
        "direct": 0,
        "domain_knowledge": 0,
        "inferred": 10,
        "no_tool_data": 0,
        "unsupported": 0
      }
    },
    {
      "claim_type": "counting",
      "row_total": 1,
      "support_class_counts": {
        "direct": 0,
        "domain_knowledge": 0,
        "inferred": 1,
        "no_tool_data": 0,
        "unsupported": 0
      }
    },
    {
      "claim_type": "domain_reasoning",
      "row_total": 15,
      "support_class_counts": {
        "direct": 0,
        "domain_knowledge": 13,
        "inferred": 2,
        "no_tool_data": 0,
        "unsupported": 0
      }
    },
    {
      "claim_type": "exact_value",
      "row_total": 93,