{
  "batch_summary": {
    "best_vs_worst": {
      "best_batch": 5,
      "best_verified_share": 0.4,
      "eval_mode": "multi_step",
      "gap": 0.25135135135135134,
      "model": "claudesonnet46",
      "n_batches": 5,
      "question_id": "Q3.1.2",
      "section": 3,
      "worst_batch": 3,
      "worst_verified_share": 0.14864864864864866
    },
    "canonical_agreement": {
      "jaccard_max": 0.8,
      "jaccard_mean": 0.5269444444444444,
      "jaccard_min": 0.3333333333333333,
      "model": "claudesonnet46",
      "n_batches": 5,
      "n_unique_union": 12,
      "question_id": "Q3.1.2"
    },
    "numeric_agreement": {
      "model": "claudesonnet46",
      "n_batches": 5,
      "n_unique_numeric_tokens": 193,
      "question_id": "Q3.1.2",
      "share_in_all_batches": 0.031088082901554404,
      "share_in_ge2": 0.20725388601036268,
      "share_in_ge3": 0.07253886010362694,
      "share_in_ge4": 0.031088082901554404,
      "share_in_ge5": 0.031088082901554404
    },
    "stability": {
      "domain_mean": 0.2819209517596614,
      "domain_stdev": 0.09884260295417595,
      "eval_mode": "multi_step",
      "filler_mean": 0.19078531175207555,
      "filler_stdev": 0.04870668811940199,
      "model": "claudesonnet46",
      "n_batches": 5,
      "n_claims_max": 96,
      "n_claims_mean": 88.4,
      "n_claims_min": 78,
      "n_claims_stdev": 6.730527468185536,
      "question_id": "Q3.1.2",
      "section": 3,
      "stability_score": 0.901136004870966,
      "unverified_mean": 0.42751354138450914,
      "unverified_stdev": 0.15588412670196067,
      "verified_mean": 0.29056550685582944,
      "verified_stdev": 0.09202256274059753
    }
  },
  "claim_type_bucket_matrix": [
    {
      "bucket_counts": {
        "domain_count": 2,
        "filler_count": 0,
        "unverified_count": 23,
        "verified_count": 9
      },
      "bucket_shares": {
        "domain_share": 0.058823529411764705,
        "filler_share": 0.0,
        "unverified_share": 0.6764705882352942,
        "verified_share": 0.2647058823529412
      },
      "claim_type": "calculation",
      "row_total": 34
    },
    {
      "bucket_counts": {
        "domain_count": 1,
        "filler_count": 0,
        "unverified_count": 3,
        "verified_count": 19
      },
      "bucket_shares": {
        "domain_share": 0.043478260869565216,
        "filler_share": 0.0,
        "unverified_share": 0.13043478260869565,
        "verified_share": 0.8260869565217391
      },
      "claim_type": "citation",
      "row_total": 23
    },
    {
      "bucket_counts": {
        "domain_count": 16,
        "filler_count": 0,
        "unverified_count": 14,
        "verified_count": 3
      },
      "bucket_shares": {
        "domain_share": 0.48484848484848486,
        "filler_share": 0.0,
        "unverified_share": 0.42424242424242425,
        "verified_share": 0.09090909090909091
      },
      "claim_type": "comparison",
      "row_total": 33
    },
    {
      "bucket_counts": {
        "domain_count": 1,
        "filler_count": 0,
        "unverified_count": 1,
        "verified_count": 3
      },
      "bucket_shares": {
        "domain_share": 0.2,
        "filler_share": 0.0,
        "unverified_share": 0.2,
        "verified_share": 0.6
      },
      "claim_type": "counting",
      "row_total": 5
    },
    {
      "bucket_counts": {
        "domain_count": 37,
        "filler_count": 0,
        "unverified_count": 3,
        "verified_count": 2
      },
      "bucket_shares": {
        "domain_share": 0.8809523809523809,
        "filler_share": 0.0,
        "unverified_share": 0.07142857142857142,
        "verified_share": 0.047619047619047616
      },
      "claim_type": "domain_reasoning",
      "row_total": 42
    },
    {
      "bucket_counts": {
        "domain_count": 1,
        "filler_count": 0,
        "unverified_count": 95,
        "verified_count": 29
      },
      "bucket_shares": {
        "domain_share": 0.008,
        "filler_share": 0.0,
        "unverified_share": 0.76,
        "verified_share": 0.232
      },
      "claim_type": "exact_value",
      "row_total": 125
    },
    {
      "bucket_counts": {
        "domain_count": 0,
        "filler_count": 0,
        "unverified_count": 0,
        "verified_count": 2
      },
      "bucket_shares": {
        "domain_share": 0.0,
        "filler_share": 0.0,
        "unverified_share": 0.0,
        "verified_share": 1.0
      },
      "claim_type": "existence_absence",
      "row_total": 2
    },
    {
      "bucket_counts": {
        "domain_count": 0,
        "filler_count": 84,
        "unverified_count": 0,
        "verified_count": 0
      },
      "bucket_shares": {
        "domain_share": 0.0,
        "filler_share": 1.0,
        "unverified_share": 0.0,
        "verified_share": 0.0
      },
      "claim_type": "filler",
      "row_total": 84
    },
    {
      "bucket_counts": {
        "domain_count": 8,
        "filler_count": 0,
        "unverified_count": 4,
        "verified_count": 15
      },
      "bucket_shares": {
        "domain_share": 0.2962962962962963,
        "filler_share": 0.0,
        "unverified_share": 0.14814814814814814,
        "verified_share": 0.5555555555555556
      },
      "claim_type": "listing",
      "row_total": 27
    },
    {
      "bucket_counts": {
        "domain_count": 33,
        "filler_count": 0,
        "unverified_count": 9,
        "verified_count": 20
      },
      "bucket_shares": {
        "domain_share": 0.532258064516129,
        "filler_share": 0.0,
        "unverified_share": 0.14516129032258066,
        "verified_share": 0.3225806451612903
      },
      "claim_type": "property_attribution",
      "row_total": 62
    },
    {
      "bucket_counts": {
        "domain_count": 0,
        "filler_count": 0,
        "unverified_count": 4,
        "verified_count": 1
      },
      "bucket_shares": {
        "domain_share": 0.0,
        "filler_share": 0.0,
        "unverified_share": 0.8,
        "verified_share": 0.2
      },
      "claim_type": "range",
      "row_total": 5
    },
    {
      "bucket_counts": {
        "domain_count": 0,
        "filler_count": 0,
        "unverified_count": 0,
        "verified_count": 0
      },
      "bucket_shares": {
        "domain_share": 0.0,
        "filler_share": 0.0,
        "unverified_share": 0.0,
        "verified_share": 0.0
      },
      "claim_type": "trend",
      "row_total": 0
    }
  ],
  "claim_type_counts": {
    "calculation": 34,
    "citation": 23,
    "comparison": 33,
    "counting": 5,
    "domain_reasoning": 42,
    "exact_value": 125,
    "existence_absence": 2,
    "filler": 84,
    "listing": 27,
    "property_attribution": 62,
    "range": 5,
    "trend": 0
  },
  "claim_type_support_matrix": [
    {
      "claim_type": "calculation",
      "row_total": 34,
      "support_class_counts": {
        "direct": 8,
        "domain_knowledge": 2,
        "inferred": 1,
        "no_tool_data": 1,
        "unsupported": 22
      }
    },
    {
      "claim_type": "citation",
      "row_total": 23,
      "support_class_counts": {
        "direct": 9,
        "domain_knowledge": 1,
        "inferred": 10,
        "no_tool_data": 2,
        "unsupported": 1
      }
    },
    {
      "claim_type": "comparison",
      "row_total": 33,
      "support_class_counts": {
        "direct": 1,
        "domain_knowledge": 16,
        "inferred": 2,
        "no_tool_data": 3,
        "unsupported": 11
      }
    },
    {
      "claim_type": "counting",
      "row_total": 5,
      "support_class_counts": {
        "direct": 2,
        "domain_knowledge": 1,
        "inferred": 1,
        "no_tool_data": 0,
        "unsupported": 1
      }
    },
    {
      "claim_type": "domain_reasoning",
      "row_total": 42,
      "support_class_counts": {
        "direct": 0,
        "domain_knowledge": 37,
        "inferred": 2,
        "no_tool_data": 0,