model_a,model_b,n_pairs,mean_tvd
claudeopus46,claudesonnet46,315,0.26898057269194053
claudeopus46,gpt5,326,0.35784972845384316
claudeopus46,gpt54,318,0.4005707157143374
claudesonnet46,gpt5,365,0.38334363828093215
claudesonnet46,gpt54,356,0.4293032250101065
gpt5,gpt54,415,0.3431881627961839
