prefix,total_cited,unknown,known_rate
beta,11231,0,1.0
ligand,15967,0,1.0
lit,481,481,0.0
metal,13902,0,1.0
ref,891,884,0.007856341189674524
vlm,12625,1398,0.8892673267326733
