{
  "batch_summary": {
    "best_vs_worst": {
      "best_batch": 1,
      "best_verified_share": 0.34375,
      "eval_mode": "multi_step",
      "gap": 0.203125,
      "model": "claudeopus46",
      "n_batches": 5,
      "question_id": "Q3.1.2",
      "section": 3,
      "worst_batch": 5,
      "worst_verified_share": 0.140625
    },
    "canonical_agreement": {
      "jaccard_max": 0.6666666666666666,
      "jaccard_mean": 0.4494413021618904,
      "jaccard_min": 0.23076923076923078,
      "model": "claudeopus46",
      "n_batches": 5,
      "n_unique_union": 20,
      "question_id": "Q3.1.2"
    },
    "numeric_agreement": {
      "model": "claudeopus46",
      "n_batches": 5,
      "n_unique_numeric_tokens": 193,
      "question_id": "Q3.1.2",
      "share_in_all_batches": 0.0051813471502590676,
      "share_in_ge2": 0.27461139896373055,
      "share_in_ge3": 0.09844559585492228,
      "share_in_ge4": 0.02072538860103627,
      "share_in_ge5": 0.0051813471502590676
    },
    "stability": {
      "domain_mean": 0.28853403540903544,
      "domain_stdev": 0.08095812001868541,
      "eval_mode": "multi_step",
      "filler_mean": 0.17168465592378634,
      "filler_stdev": 0.06402429547660037,
      "model": "claudeopus46",
      "n_batches": 5,
      "n_claims_max": 84,
      "n_claims_mean": 74.4,
      "n_claims_min": 64,
      "n_claims_stdev": 7.893034904268446,
      "question_id": "Q3.1.2",
      "section": 3,
      "stability_score": 0.9132913351331244,
      "unverified_mean": 0.466971916971917,
      "unverified_stdev": 0.11151003231611357,
      "verified_mean": 0.24449404761904764,
      "verified_stdev": 0.09034221165610294
    }
  },
  "claim_type_bucket_matrix": [
    {
      "bucket_counts": {
        "domain_count": 4,
        "filler_count": 0,
        "unverified_count": 5,
        "verified_count": 2
      },
      "bucket_shares": {
        "domain_share": 0.36363636363636365,
        "filler_share": 0.0,
        "unverified_share": 0.45454545454545453,
        "verified_share": 0.18181818181818182
      },
      "claim_type": "calculation",
      "row_total": 11
    },
    {
      "bucket_counts": {
        "domain_count": 0,
        "filler_count": 0,
        "unverified_count": 4,
        "verified_count": 13
      },
      "bucket_shares": {
        "domain_share": 0.0,
        "filler_share": 0.0,
        "unverified_share": 0.23529411764705882,
        "verified_share": 0.7647058823529411
      },
      "claim_type": "citation",
      "row_total": 17
    },
    {
      "bucket_counts": {
        "domain_count": 6,
        "filler_count": 0,
        "unverified_count": 28,
        "verified_count": 1
      },
      "bucket_shares": {
        "domain_share": 0.17142857142857143,
        "filler_share": 0.0,
        "unverified_share": 0.8,
        "verified_share": 0.02857142857142857
      },
      "claim_type": "comparison",
      "row_total": 35
    },
    {
      "bucket_counts": {
        "domain_count": 0,
        "filler_count": 0,
        "unverified_count": 4,
        "verified_count": 5
      },
      "bucket_shares": {
        "domain_share": 0.0,
        "filler_share": 0.0,
        "unverified_share": 0.4444444444444444,
        "verified_share": 0.5555555555555556
      },
      "claim_type": "counting",
      "row_total": 9
    },
    {
      "bucket_counts": {
        "domain_count": 41,
        "filler_count": 0,
        "unverified_count": 1,
        "verified_count": 2
      },
      "bucket_shares": {
        "domain_share": 0.9318181818181818,
        "filler_share": 0.0,
        "unverified_share": 0.022727272727272728,
        "verified_share": 0.045454545454545456
      },
      "claim_type": "domain_reasoning",
      "row_total": 44
    },
    {
      "bucket_counts": {
        "domain_count": 0,
        "filler_count": 0,
        "unverified_count": 82,
        "verified_count": 32
      },
      "bucket_shares": {
        "domain_share": 0.0,
        "filler_share": 0.0,
        "unverified_share": 0.7192982456140351,
        "verified_share": 0.2807017543859649
      },
      "claim_type": "exact_value",
      "row_total": 114
    },
    {
      "bucket_counts": {
        "domain_count": 1,
        "filler_count": 0,
        "unverified_count": 1,
        "verified_count": 0
      },
      "bucket_shares": {
        "domain_share": 0.5,
        "filler_share": 0.0,
        "unverified_share": 0.5,
        "verified_share": 0.0
      },
      "claim_type": "existence_absence",
      "row_total": 2
    },
    {
      "bucket_counts": {
        "domain_count": 0,
        "filler_count": 64,
        "unverified_count": 0,
        "verified_count": 0
      },
      "bucket_shares": {
        "domain_share": 0.0,
        "filler_share": 1.0,
        "unverified_share": 0.0,
        "verified_share": 0.0
      },
      "claim_type": "filler",
      "row_total": 64
    },
    {
      "bucket_counts": {
        "domain_count": 2,
        "filler_count": 0,
        "unverified_count": 3,
        "verified_count": 6
      },
      "bucket_shares": {
        "domain_share": 0.18181818181818182,
        "filler_share": 0.0,
        "unverified_share": 0.2727272727272727,
        "verified_share": 0.5454545454545454
      },
      "claim_type": "listing",
      "row_total": 11
    },
    {
      "bucket_counts": {
        "domain_count": 31,
        "filler_count": 0,
        "unverified_count": 15,
        "verified_count": 12
      },
      "bucket_shares": {
        "domain_share": 0.5344827586206896,
        "filler_share": 0.0,
        "unverified_share": 0.25862068965517243,
        "verified_share": 0.20689655172413793
      },
      "claim_type": "property_attribution",
      "row_total": 58
    },
    {
      "bucket_counts": {
        "domain_count": 0,
        "filler_count": 0,
        "unverified_count": 4,
        "verified_count": 1
      },
      "bucket_shares": {
        "domain_share": 0.0,
        "filler_share": 0.0,
        "unverified_share": 0.8,
        "verified_share": 0.2
      },
      "claim_type": "range",
      "row_total": 5
    },
    {
      "bucket_counts": {
        "domain_count": 2,
        "filler_count": 0,
        "unverified_count": 0,
        "verified_count": 0
      },
      "bucket_shares": {
        "domain_share": 1.0,
        "filler_share": 0.0,
        "unverified_share": 0.0,
        "verified_share": 0.0
      },
      "claim_type": "trend",
      "row_total": 2
    }
  ],
  "claim_type_counts": {
    "calculation": 11,
    "citation": 17,
    "comparison": 35,
    "counting": 9,
    "domain_reasoning": 44,
    "exact_value": 114,
    "existence_absence": 2,
    "filler": 64,
    "listing": 11,
    "property_attribution": 58,
    "range": 5,
    "trend": 2
  },
  "claim_type_support_matrix": [
    {
      "claim_type": "calculation",
      "row_total": 11,
      "support_class_counts": {
        "direct": 2,
        "domain_knowledge": 4,
        "inferred": 0,
        "no_tool_data": 2,
        "unsupported": 3
      }
    },
    {
      "claim_type": "citation",
      "row_total": 17,
      "support_class_counts": {
        "direct": 7,
        "domain_knowledge": 0,
        "inferred": 6,
        "no_tool_data": 4,
        "unsupported": 0
      }
    },
    {
      "claim_type": "comparison",
      "row_total": 35,
      "support_class_counts": {
        "direct": 0,
        "domain_knowledge": 6,
        "inferred": 1,
        "no_tool_data": 9,
        "unsupported": 19
      }
    },
    {
      "claim_type": "counting",
      "row_total": 9,
      "support_class_counts": {
        "direct": 0,
        "domain_knowledge": 0,
        "inferred": 5,
        "no_tool_data": 2,
        "unsupported": 2
      }
    },
    {
      "claim_type": "domain_reasoning",
      "row_total": 44,
      "support_class_counts": {
        "direct": 0,
        "domain_knowledge": 41,
        "inferred": 2,
        "no_tool_data": 0,