{
  "batch_summary": {
    "best_vs_worst": {
      "best_batch": 5,
      "best_verified_share": 0.4098360655737705,
      "eval_mode": "multi_step",
      "gap": 0.27470093043863536,
      "model": "claudesonnet46",
      "n_batches": 5,
      "question_id": "Q3.1.5",
      "section": 3,
      "worst_batch": 2,
      "worst_verified_share": 0.13513513513513514
    },
    "canonical_agreement": {
      "jaccard_max": 0.5555555555555556,
      "jaccard_mean": 0.28810189914200407,
      "jaccard_min": 0.08333333333333333,
      "model": "claudesonnet46",
      "n_batches": 5,
      "n_unique_union": 38,
      "question_id": "Q3.1.5"
    },
    "numeric_agreement": {
      "model": "claudesonnet46",
      "n_batches": 5,
      "n_unique_numeric_tokens": 109,
      "question_id": "Q3.1.5",
      "share_in_all_batches": 0.03669724770642202,
      "share_in_ge2": 0.3944954128440367,
      "share_in_ge3": 0.21100917431192662,
      "share_in_ge4": 0.11009174311926606,
      "share_in_ge5": 0.03669724770642202
    },
    "stability": {
      "domain_mean": 0.3304842876309369,
      "domain_stdev": 0.03132979415485167,
      "eval_mode": "multi_step",
      "filler_mean": 0.18106937549794694,
      "filler_stdev": 0.049757382193142484,
      "model": "claudesonnet46",
      "n_batches": 5,
      "n_claims_max": 98,
      "n_claims_mean": 76.8,
      "n_claims_min": 50,
      "n_claims_stdev": 18.525657883055057,
      "question_id": "Q3.1.5",
      "section": 3,
      "stability_score": 0.9192631855859588,
      "unverified_mean": 0.41487438248874564,
      "unverified_stdev": 0.12321881791238792,
      "verified_mean": 0.25464132988031746,
      "verified_stdev": 0.11864126339578292
    }
  },
  "claim_type_bucket_matrix": [
    {
      "bucket_counts": {
        "domain_count": 0,
        "filler_count": 0,
        "unverified_count": 2,
        "verified_count": 0
      },
      "bucket_shares": {
        "domain_share": 0.0,
        "filler_share": 0.0,
        "unverified_share": 1.0,
        "verified_share": 0.0
      },
      "claim_type": "calculation",
      "row_total": 2
    },
    {
      "bucket_counts": {
        "domain_count": 0,
        "filler_count": 0,
        "unverified_count": 6,
        "verified_count": 16
      },
      "bucket_shares": {
        "domain_share": 0.0,
        "filler_share": 0.0,
        "unverified_share": 0.2727272727272727,
        "verified_share": 0.7272727272727273
      },
      "claim_type": "citation",
      "row_total": 22
    },
    {
      "bucket_counts": {
        "domain_count": 17,
        "filler_count": 0,
        "unverified_count": 7,
        "verified_count": 1
      },
      "bucket_shares": {
        "domain_share": 0.68,
        "filler_share": 0.0,
        "unverified_share": 0.28,
        "verified_share": 0.04
      },
      "claim_type": "comparison",
      "row_total": 25
    },
    {
      "bucket_counts": {
        "domain_count": 0,
        "filler_count": 0,
        "unverified_count": 0,
        "verified_count": 2
      },
      "bucket_shares": {
        "domain_share": 0.0,
        "filler_share": 0.0,
        "unverified_share": 0.0,
        "verified_share": 1.0
      },
      "claim_type": "counting",
      "row_total": 2
    },
    {
      "bucket_counts": {
        "domain_count": 32,
        "filler_count": 0,
        "unverified_count": 1,
        "verified_count": 2
      },
      "bucket_shares": {
        "domain_share": 0.9142857142857143,
        "filler_share": 0.0,
        "unverified_share": 0.02857142857142857,
        "verified_share": 0.05714285714285714
      },
      "claim_type": "domain_reasoning",
      "row_total": 35
    },
    {
      "bucket_counts": {
        "domain_count": 3,
        "filler_count": 0,
        "unverified_count": 80,
        "verified_count": 13
      },
      "bucket_shares": {
        "domain_share": 0.03125,
        "filler_share": 0.0,
        "unverified_share": 0.8333333333333334,
        "verified_share": 0.13541666666666666
      },
      "claim_type": "exact_value",
      "row_total": 96
    },
    {
      "bucket_counts": {
        "domain_count": 1,
        "filler_count": 0,
        "unverified_count": 3,
        "verified_count": 4
      },
      "bucket_shares": {
        "domain_share": 0.125,
        "filler_share": 0.0,
        "unverified_share": 0.375,
        "verified_share": 0.5
      },
      "claim_type": "existence_absence",
      "row_total": 8
    },
    {
      "bucket_counts": {
        "domain_count": 0,
        "filler_count": 66,
        "unverified_count": 0,
        "verified_count": 0
      },
      "bucket_shares": {
        "domain_share": 0.0,
        "filler_share": 1.0,
        "unverified_share": 0.0,
        "verified_share": 0.0
      },
      "claim_type": "filler",
      "row_total": 66
    },
    {
      "bucket_counts": {
        "domain_count": 3,
        "filler_count": 0,
        "unverified_count": 11,
        "verified_count": 27
      },
      "bucket_shares": {
        "domain_share": 0.07317073170731707,
        "filler_share": 0.0,
        "unverified_share": 0.2682926829268293,
        "verified_share": 0.6585365853658537
      },
      "claim_type": "listing",
      "row_total": 41
    },
    {
      "bucket_counts": {
        "domain_count": 47,
        "filler_count": 0,
        "unverified_count": 11,
        "verified_count": 15
      },
      "bucket_shares": {
        "domain_share": 0.6438356164383562,
        "filler_share": 0.0,
        "unverified_share": 0.1506849315068493,
        "verified_share": 0.2054794520547945
      },
      "claim_type": "property_attribution",
      "row_total": 73
    },
    {
      "bucket_counts": {
        "domain_count": 3,
        "filler_count": 0,
        "unverified_count": 9,
        "verified_count": 1
      },
      "bucket_shares": {
        "domain_share": 0.23076923076923078,
        "filler_share": 0.0,
        "unverified_share": 0.6923076923076923,
        "verified_share": 0.07692307692307693
      },
      "claim_type": "range",
      "row_total": 13
    },
    {
      "bucket_counts": {
        "domain_count": 1,
        "filler_count": 0,
        "unverified_count": 0,
        "verified_count": 0
      },
      "bucket_shares": {
        "domain_share": 1.0,
        "filler_share": 0.0,
        "unverified_share": 0.0,
        "verified_share": 0.0
      },
      "claim_type": "trend",
      "row_total": 1
    }
  ],
  "claim_type_counts": {
    "calculation": 2,
    "citation": 22,
    "comparison": 25,
    "counting": 2,
    "domain_reasoning": 35,
    "exact_value": 96,
    "existence_absence": 8,
    "filler": 66,
    "listing": 41,
    "property_attribution": 73,
    "range": 13,
    "trend": 1
  },
  "claim_type_support_matrix": [
    {
      "claim_type": "calculation",
      "row_total": 2,
      "support_class_counts": {
        "direct": 0,
        "domain_knowledge": 0,
        "inferred": 0,
        "no_tool_data": 0,
        "unsupported": 2
      }
    },
    {
      "claim_type": "citation",
      "row_total": 22,
      "support_class_counts": {
        "direct": 10,
        "domain_knowledge": 0,
        "inferred": 6,
        "no_tool_data": 0,
        "unsupported": 6
      }
    },
    {
      "claim_type": "comparison",
      "row_total": 25,
      "support_class_counts": {
        "direct": 0,
        "domain_knowledge": 17,
        "inferred": 1,
        "no_tool_data": 0,
        "unsupported": 7
      }
    },
    {
      "claim_type": "counting",
      "row_total": 2,
      "support_class_counts": {
        "direct": 0,
        "domain_knowledge": 0,
        "inferred": 2,
        "no_tool_data": 0,
        "unsupported": 0
      }
    },
    {
      "claim_type": "domain_reasoning",
      "row_total": 35,
      "support_class_counts": {
        "direct": 0,
        "domain_knowledge": 32,
        "inferred": 2,
        "no_tool_data": 0,