{
  "batch_summary": {
    "best_vs_worst": {
      "best_batch": 1,
      "best_verified_share": 0.7380952380952381,
      "eval_mode": "provenance",
      "gap": 0.6755952380952381,
      "model": "claudesonnet46",
      "n_batches": 5,
      "question_id": "Q1.2.3",
      "section": 1,
      "worst_batch": 5,
      "worst_verified_share": 0.0625
    },
    "canonical_agreement": {
      "jaccard_max": 0.47619047619047616,
      "jaccard_mean": 0.17084210844382133,
      "jaccard_min": 0.06666666666666667,
      "model": "claudesonnet46",
      "n_batches": 5,
      "n_unique_union": 46,
      "question_id": "Q1.2.3"
    },
    "numeric_agreement": {
      "model": "claudesonnet46",
      "n_batches": 5,
      "n_unique_numeric_tokens": 67,
      "question_id": "Q1.2.3",
      "share_in_all_batches": 0.029850746268656716,
      "share_in_ge2": 0.31343283582089554,
      "share_in_ge3": 0.14925373134328357,
      "share_in_ge4": 0.07462686567164178,
      "share_in_ge5": 0.029850746268656716
    },
    "stability": {
      "domain_mean": 0.2708692396313364,
      "domain_stdev": 0.05041437403044479,
      "eval_mode": "provenance",
      "filler_mean": 0.20504339660407264,
      "filler_stdev": 0.08149128760645283,
      "model": "claudesonnet46",
      "n_batches": 5,
      "n_claims_max": 85,
      "n_claims_mean": 69.2,
      "n_claims_min": 57,
      "n_claims_stdev": 11.584472366059664,
      "question_id": "Q1.2.3",
      "section": 1,
      "stability_score": 0.8397956181146278,
      "unverified_mean": 0.19639420122887866,
      "unverified_stdev": 0.23817801740693242,
      "verified_mean": 0.532736559139785,
      "verified_stdev": 0.27073384849765864
    }
  },
  "claim_type_bucket_matrix": [
    {
      "bucket_counts": {
        "domain_count": 0,
        "filler_count": 0,
        "unverified_count": 0,
        "verified_count": 1
      },
      "bucket_shares": {
        "domain_share": 0.0,
        "filler_share": 0.0,
        "unverified_share": 0.0,
        "verified_share": 1.0
      },
      "claim_type": "calculation",
      "row_total": 1
    },
    {
      "bucket_counts": {
        "domain_count": 0,
        "filler_count": 0,
        "unverified_count": 1,
        "verified_count": 12
      },
      "bucket_shares": {
        "domain_share": 0.0,
        "filler_share": 0.0,
        "unverified_share": 0.07692307692307693,
        "verified_share": 0.9230769230769231
      },
      "claim_type": "citation",
      "row_total": 13
    },
    {
      "bucket_counts": {
        "domain_count": 1,
        "filler_count": 0,
        "unverified_count": 5,
        "verified_count": 2
      },
      "bucket_shares": {
        "domain_share": 0.125,
        "filler_share": 0.0,
        "unverified_share": 0.625,
        "verified_share": 0.25
      },
      "claim_type": "comparison",
      "row_total": 8
    },
    {
      "bucket_counts": {
        "domain_count": 1,
        "filler_count": 0,
        "unverified_count": 8,
        "verified_count": 21
      },
      "bucket_shares": {
        "domain_share": 0.03333333333333333,
        "filler_share": 0.0,
        "unverified_share": 0.26666666666666666,
        "verified_share": 0.7
      },
      "claim_type": "counting",
      "row_total": 30
    },
    {
      "bucket_counts": {
        "domain_count": 25,
        "filler_count": 0,
        "unverified_count": 0,
        "verified_count": 1
      },
      "bucket_shares": {
        "domain_share": 0.9615384615384616,
        "filler_share": 0.0,
        "unverified_share": 0.0,
        "verified_share": 0.038461538461538464
      },
      "claim_type": "domain_reasoning",
      "row_total": 26
    },
    {
      "bucket_counts": {
        "domain_count": 2,
        "filler_count": 0,
        "unverified_count": 26,
        "verified_count": 34
      },
      "bucket_shares": {
        "domain_share": 0.03225806451612903,
        "filler_share": 0.0,
        "unverified_share": 0.41935483870967744,
        "verified_share": 0.5483870967741935
      },
      "claim_type": "exact_value",
      "row_total": 62
    },
    {
      "bucket_counts": {
        "domain_count": 0,
        "filler_count": 0,
        "unverified_count": 0,
        "verified_count": 3
      },
      "bucket_shares": {
        "domain_share": 0.0,
        "filler_share": 0.0,
        "unverified_share": 0.0,
        "verified_share": 1.0
      },
      "claim_type": "existence_absence",
      "row_total": 3
    },
    {
      "bucket_counts": {
        "domain_count": 0,
        "filler_count": 72,
        "unverified_count": 0,
        "verified_count": 0
      },
      "bucket_shares": {
        "domain_share": 0.0,
        "filler_share": 1.0,
        "unverified_share": 0.0,
        "verified_share": 0.0
      },
      "claim_type": "filler",
      "row_total": 72
    },
    {
      "bucket_counts": {
        "domain_count": 11,
        "filler_count": 0,
        "unverified_count": 8,
        "verified_count": 38
      },
      "bucket_shares": {
        "domain_share": 0.19298245614035087,
        "filler_share": 0.0,
        "unverified_share": 0.14035087719298245,
        "verified_share": 0.6666666666666666
      },
      "claim_type": "listing",
      "row_total": 57
    },
    {
      "bucket_counts": {
        "domain_count": 31,
        "filler_count": 0,
        "unverified_count": 9,
        "verified_count": 20
      },
      "bucket_shares": {
        "domain_share": 0.5166666666666667,
        "filler_share": 0.0,
        "unverified_share": 0.15,
        "verified_share": 0.3333333333333333
      },
      "claim_type": "property_attribution",
      "row_total": 60
    },
    {
      "bucket_counts": {
        "domain_count": 2,
        "filler_count": 0,
        "unverified_count": 0,
        "verified_count": 6
      },
      "bucket_shares": {
        "domain_share": 0.25,
        "filler_share": 0.0,
        "unverified_share": 0.0,
        "verified_share": 0.75
      },
      "claim_type": "range",
      "row_total": 8
    },
    {
      "bucket_counts": {
        "domain_count": 2,
        "filler_count": 0,
        "unverified_count": 3,
        "verified_count": 1
      },
      "bucket_shares": {
        "domain_share": 0.3333333333333333,
        "filler_share": 0.0,
        "unverified_share": 0.5,
        "verified_share": 0.16666666666666666
      },
      "claim_type": "trend",
      "row_total": 6
    }
  ],
  "claim_type_counts": {
    "calculation": 1,
    "citation": 13,
    "comparison": 8,
    "counting": 30,
    "domain_reasoning": 26,
    "exact_value": 62,
    "existence_absence": 3,
    "filler": 72,
    "listing": 57,
    "property_attribution": 60,
    "range": 8,
    "trend": 6
  },
  "claim_type_support_matrix": [
    {
      "claim_type": "calculation",
      "row_total": 1,
      "support_class_counts": {
        "direct": 1,
        "domain_knowledge": 0,
        "inferred": 0,
        "no_tool_data": 0,
        "unsupported": 0
      }
    },
    {
      "claim_type": "citation",
      "row_total": 13,
      "support_class_counts": {
        "direct": 8,
        "domain_knowledge": 0,
        "inferred": 4,
        "no_tool_data": 0,
        "unsupported": 1
      }
    },
    {
      "claim_type": "comparison",
      "row_total": 8,
      "support_class_counts": {
        "direct": 0,
        "domain_knowledge": 1,
        "inferred": 2,
        "no_tool_data": 0,
        "unsupported": 5
      }
    },
    {
      "claim_type": "counting",
      "row_total": 30,
      "support_class_counts": {
        "direct": 17,
        "domain_knowledge": 1,
        "inferred": 4,
        "no_tool_data": 2,
        "unsupported": 6
      }
    },
    {
      "claim_type": "domain_reasoning",
      "row_total": 26,
      "support_class_counts": {
        "direct": 0,
        "domain_knowledge": 25,
        "inferred": 1,
        "no_tool_data": 0,