section,eval_mode,n_claims,n_nonfiller,n_batches,filler_share,verified_count,verified_share,verified_ci_lo,verified_ci_hi,domain_count,domain_share,domain_ci_lo,domain_ci_hi,unverified_count,unverified_share,unverified_ci_lo,unverified_ci_hi
1,mixed,7176,5823,220,0.18854515050167225,4392,0.7542503863987635,0.7430268739921344,0.7651386474457573,716,0.12296067319251246,0.11477356006852918,0.1316449456275927,715,0.12278894040872403,0.114607000393616,0.13146826617961638
2,mixed,7538,6050,240,0.19739984080658,3644,0.6023140495867768,0.5899201144169957,0.6145781334393736,1366,0.22578512396694214,0.21542549902712932,0.23649276721888546,1040,0.171900826446281,0.16260243650529657,0.18161562166127324
3,mixed,15270,12060,280,0.21021611001964635,5853,0.4853233830845771,0.4764094678125241,0.4942466455767632,3299,0.27354892205638476,0.26566582033692443,0.28157624557349004,2908,0.24112769485903815,0.2335762297119662,0.24884403018269294
5.1,ambiguous,7952,6503,120,0.18221830985915494,3418,0.5256035675841919,0.5134553688963548,0.5377215338885539,1356,0.20851914500999538,0.19881866593222608,0.21856380116210122,1729,0.2658772874058127,0.2552797740570952,0.2767512500268475
5.2,negative,3808,2765,120,0.27389705882352944,1455,0.5262206148282098,0.5075856523914056,0.5447828182354443,702,0.2538878842676311,0.23801399851877156,0.2704447013216238,608,0.21989150090415913,0.204847982163622,0.23571228679506456
