model,n_claims,n_nonfiller,n_batches,filler_share,verified_count,verified_share,verified_ci_lo,verified_ci_hi,domain_count,domain_share,domain_ci_lo,domain_ci_hi,unverified_count,unverified_share,unverified_ci_lo,unverified_ci_hi
claudeopus46,11553,9529,245,0.1751925906690903,4384,0.4600692622520726,0.45008014673326946,0.47009056081315614,2511,0.2635113862944695,0.254762604842329,0.27245077086298014,2634,0.27641935145345786,0.2675311443974711,0.2854877581719369
claudesonnet46,13988,11453,245,0.1812267657992565,5395,0.47105561861521,0.4619249290549192,0.4802057188891006,3117,0.27215576704793504,0.2640819201104588,0.28038241114118395,2941,0.25678861433685496,0.2488701609814047,0.26487017038531335
gpt5,8929,6664,245,0.25366782394445064,4598,0.6899759903961584,0.6787645897643049,0.7009684860784084,1104,0.16566626650660263,0.1569329990695799,0.174784778989215,962,0.1443577430972389,0.1361242898787394,0.15300099468110975
gpt54,7274,5555,245,0.23632114379983502,4385,0.7893789378937894,0.778458006873546,0.7998999013640264,707,0.12727272727272726,0.11876517888089799,0.136295443821501,463,0.08334833483348335,0.07636425082947725,0.09090829746547686
