model_a,model_b,n_prompts,spearman
claudeopus46,claudesonnet46,49,0.7388775510204082
claudeopus46,gpt5,49,0.5780612244897959
claudeopus46,gpt54,49,0.6540463346640591
claudesonnet46,gpt5,49,0.5246938775510204
claudesonnet46,gpt54,49,0.5879171374628873
gpt5,gpt54,49,0.6593529986369927
