{
  "batch_summary": {
    "best_vs_worst": {
      "best_batch": 5,
      "best_verified_share": 0.6756756756756757,
      "eval_mode": "thermo_reasoning",
      "gap": 0.41251778093883357,
      "model": "claudeopus46",
      "n_batches": 5,
      "question_id": "Q3.2.6",
      "section": 3,
      "worst_batch": 4,
      "worst_verified_share": 0.2631578947368421
    },
    "canonical_agreement": {
      "jaccard_max": 1.0,
      "jaccard_mean": 0.8696428571428572,
      "jaccard_min": 0.75,
      "model": "claudeopus46",
      "n_batches": 5,
      "n_unique_union": 8,
      "question_id": "Q3.2.6"
    },
    "numeric_agreement": {
      "model": "claudeopus46",
      "n_batches": 5,
      "n_unique_numeric_tokens": 61,
      "question_id": "Q3.2.6",
      "share_in_all_batches": 0.19672131147540983,
      "share_in_ge2": 0.4918032786885246,
      "share_in_ge3": 0.29508196721311475,
      "share_in_ge4": 0.29508196721311475,
      "share_in_ge5": 0.19672131147540983
    },
    "stability": {
      "domain_mean": 0.30649871138592943,
      "domain_stdev": 0.05517373962103127,
      "eval_mode": "thermo_reasoning",
      "filler_mean": 0.2261384110263065,
      "filler_stdev": 0.03135695611696026,
      "model": "claudeopus46",
      "n_batches": 5,
      "n_claims_max": 67,
      "n_claims_mean": 53.0,
      "n_claims_min": 45,
      "n_claims_stdev": 9.300537618869138,
      "question_id": "Q3.2.6",
      "section": 3,
      "stability_score": 0.8830320708195982,
      "unverified_mean": 0.17469973635387168,
      "unverified_stdev": 0.21194356640311088,
      "verified_mean": 0.5188015522601989,
      "verified_stdev": 0.1693974545805048
    }
  },
  "claim_type_bucket_matrix": [
    {
      "bucket_counts": {
        "domain_count": 10,
        "filler_count": 0,
        "unverified_count": 10,
        "verified_count": 21
      },
      "bucket_shares": {
        "domain_share": 0.24390243902439024,
        "filler_share": 0.0,
        "unverified_share": 0.24390243902439024,
        "verified_share": 0.5121951219512195
      },
      "claim_type": "calculation",
      "row_total": 41
    },
    {
      "bucket_counts": {
        "domain_count": 0,
        "filler_count": 0,
        "unverified_count": 2,
        "verified_count": 11
      },
      "bucket_shares": {
        "domain_share": 0.0,
        "filler_share": 0.0,
        "unverified_share": 0.15384615384615385,
        "verified_share": 0.8461538461538461
      },
      "claim_type": "citation",
      "row_total": 13
    },
    {
      "bucket_counts": {
        "domain_count": 4,
        "filler_count": 0,
        "unverified_count": 0,
        "verified_count": 6
      },
      "bucket_shares": {
        "domain_share": 0.4,
        "filler_share": 0.0,
        "unverified_share": 0.0,
        "verified_share": 0.6
      },
      "claim_type": "comparison",
      "row_total": 10
    },
    {
      "bucket_counts": {
        "domain_count": 0,
        "filler_count": 0,
        "unverified_count": 0,
        "verified_count": 0
      },
      "bucket_shares": {
        "domain_share": 0.0,
        "filler_share": 0.0,
        "unverified_share": 0.0,
        "verified_share": 0.0
      },
      "claim_type": "counting",
      "row_total": 0
    },
    {
      "bucket_counts": {
        "domain_count": 22,
        "filler_count": 0,
        "unverified_count": 1,
        "verified_count": 1
      },
      "bucket_shares": {
        "domain_share": 0.9166666666666666,
        "filler_share": 0.0,
        "unverified_share": 0.041666666666666664,
        "verified_share": 0.041666666666666664
      },
      "claim_type": "domain_reasoning",
      "row_total": 24
    },
    {
      "bucket_counts": {
        "domain_count": 5,
        "filler_count": 0,
        "unverified_count": 17,
        "verified_count": 61
      },
      "bucket_shares": {
        "domain_share": 0.060240963855421686,
        "filler_share": 0.0,
        "unverified_share": 0.20481927710843373,
        "verified_share": 0.7349397590361446
      },
      "claim_type": "exact_value",
      "row_total": 83
    },
    {
      "bucket_counts": {
        "domain_count": 0,
        "filler_count": 0,
        "unverified_count": 0,
        "verified_count": 1
      },
      "bucket_shares": {
        "domain_share": 0.0,
        "filler_share": 0.0,
        "unverified_share": 0.0,
        "verified_share": 1.0
      },
      "claim_type": "existence_absence",
      "row_total": 1
    },
    {
      "bucket_counts": {
        "domain_count": 0,
        "filler_count": 61,
        "unverified_count": 0,
        "verified_count": 0
      },
      "bucket_shares": {
        "domain_share": 0.0,
        "filler_share": 1.0,
        "unverified_share": 0.0,
        "verified_share": 0.0
      },
      "claim_type": "filler",
      "row_total": 61
    },
    {
      "bucket_counts": {
        "domain_count": 2,
        "filler_count": 0,
        "unverified_count": 1,
        "verified_count": 1
      },
      "bucket_shares": {
        "domain_share": 0.5,
        "filler_share": 0.0,
        "unverified_share": 0.25,
        "verified_share": 0.25
      },
      "claim_type": "listing",
      "row_total": 4
    },
    {
      "bucket_counts": {
        "domain_count": 19,
        "filler_count": 0,
        "unverified_count": 3,
        "verified_count": 4
      },
      "bucket_shares": {
        "domain_share": 0.7307692307692307,
        "filler_share": 0.0,
        "unverified_share": 0.11538461538461539,
        "verified_share": 0.15384615384615385
      },
      "claim_type": "property_attribution",
      "row_total": 26
    },
    {
      "bucket_counts": {
        "domain_count": 0,
        "filler_count": 0,
        "unverified_count": 1,
        "verified_count": 0
      },
      "bucket_shares": {
        "domain_share": 0.0,
        "filler_share": 0.0,
        "unverified_share": 1.0,
        "verified_share": 0.0
      },
      "claim_type": "range",
      "row_total": 1
    },
    {
      "bucket_counts": {
        "domain_count": 0,
        "filler_count": 0,
        "unverified_count": 1,
        "verified_count": 0
      },
      "bucket_shares": {
        "domain_share": 0.0,
        "filler_share": 0.0,
        "unverified_share": 1.0,
        "verified_share": 0.0
      },
      "claim_type": "trend",
      "row_total": 1
    }
  ],
  "claim_type_counts": {
    "calculation": 41,
    "citation": 13,
    "comparison": 10,
    "counting": 0,
    "domain_reasoning": 24,
    "exact_value": 83,
    "existence_absence": 1,
    "filler": 61,
    "listing": 4,
    "property_attribution": 26,
    "range": 1,
    "trend": 1
  },
  "claim_type_support_matrix": [
    {
      "claim_type": "calculation",
      "row_total": 41,
      "support_class_counts": {
        "direct": 7,
        "domain_knowledge": 10,
        "inferred": 14,
        "no_tool_data": 0,
        "unsupported": 10
      }
    },
    {
      "claim_type": "citation",
      "row_total": 13,
      "support_class_counts": {
        "direct": 8,
        "domain_knowledge": 0,
        "inferred": 3,
        "no_tool_data": 0,
        "unsupported": 2
      }
    },
    {
      "claim_type": "comparison",
      "row_total": 10,
      "support_class_counts": {
        "direct": 0,
        "domain_knowledge": 4,
        "inferred": 6,
        "no_tool_data": 0,
        "unsupported": 0
      }
    },
    {
      "claim_type": "counting",
      "row_total": 0,
      "support_class_counts": {
        "direct": 0,
        "domain_knowledge": 0,
        "inferred": 0,
        "no_tool_data": 0,
        "unsupported": 0
      }
    },
    {
      "claim_type": "domain_reasoning",
      "row_total": 24,
      "support_class_counts": {
        "direct": 0,
        "domain_knowledge": 22,
        "inferred": 1,
        "no_tool_data": 1,
        "unsupported": 0
      }
    },
    {
      "claim_type": "exact_value",
      "row_total": 83,