{
  "batch_summary": {
    "best_vs_worst": {
      "best_batch": 2,
      "best_verified_share": 0.782608695652174,
      "eval_mode": "thermo_reasoning",
      "gap": 0.19565217391304346,
      "model": "claudesonnet46",
      "n_batches": 5,
      "question_id": "Q3.2.1",
      "section": 3,
      "worst_batch": 1,
      "worst_verified_share": 0.5869565217391305
    },
    "canonical_agreement": {
      "jaccard_max": 1.0,
      "jaccard_mean": 0.6086956521739131,
      "jaccard_min": 0.34782608695652173,
      "model": "claudesonnet46",
      "n_batches": 5,
      "n_unique_union": 23,
      "question_id": "Q3.2.1"
    },
    "numeric_agreement": {
      "model": "claudesonnet46",
      "n_batches": 5,
      "n_unique_numeric_tokens": 55,
      "question_id": "Q3.2.1",
      "share_in_all_batches": 0.18181818181818182,
      "share_in_ge2": 0.8909090909090909,
      "share_in_ge3": 0.7090909090909091,
      "share_in_ge4": 0.2,
      "share_in_ge5": 0.18181818181818182
    },
    "stability": {
      "domain_mean": 0.2650352589548405,
      "domain_stdev": 0.08710617240586628,
      "eval_mode": "thermo_reasoning",
      "filler_mean": 0.17764645202639667,
      "filler_stdev": 0.03141059134014285,
      "model": "claudesonnet46",
      "n_batches": 5,
      "n_claims_max": 84,
      "n_claims_mean": 65.0,
      "n_claims_min": 53,
      "n_claims_stdev": 12.062338081814818,
      "question_id": "Q3.2.1",
      "section": 3,
      "stability_score": 0.9471475011329169,
      "unverified_mean": 0.04561559177446722,
      "unverified_stdev": 0.011480809611697522,
      "verified_mean": 0.6893491492706924,
      "verified_stdev": 0.08141242211062572
    }
  },
  "claim_type_bucket_matrix": [
    {
      "bucket_counts": {
        "domain_count": 17,
        "filler_count": 0,
        "unverified_count": 0,
        "verified_count": 10
      },
      "bucket_shares": {
        "domain_share": 0.6296296296296297,
        "filler_share": 0.0,
        "unverified_share": 0.0,
        "verified_share": 0.37037037037037035
      },
      "claim_type": "calculation",
      "row_total": 27
    },
    {
      "bucket_counts": {
        "domain_count": 0,
        "filler_count": 0,
        "unverified_count": 2,
        "verified_count": 17
      },
      "bucket_shares": {
        "domain_share": 0.0,
        "filler_share": 0.0,
        "unverified_share": 0.10526315789473684,
        "verified_share": 0.8947368421052632
      },
      "claim_type": "citation",
      "row_total": 19
    },
    {
      "bucket_counts": {
        "domain_count": 3,
        "filler_count": 0,
        "unverified_count": 2,
        "verified_count": 7
      },
      "bucket_shares": {
        "domain_share": 0.25,
        "filler_share": 0.0,
        "unverified_share": 0.16666666666666666,
        "verified_share": 0.5833333333333334
      },
      "claim_type": "comparison",
      "row_total": 12
    },
    {
      "bucket_counts": {
        "domain_count": 1,
        "filler_count": 0,
        "unverified_count": 0,
        "verified_count": 4
      },
      "bucket_shares": {
        "domain_share": 0.2,
        "filler_share": 0.0,
        "unverified_share": 0.0,
        "verified_share": 0.8
      },
      "claim_type": "counting",
      "row_total": 5
    },
    {
      "bucket_counts": {
        "domain_count": 43,
        "filler_count": 0,
        "unverified_count": 0,
        "verified_count": 2
      },
      "bucket_shares": {
        "domain_share": 0.9555555555555556,
        "filler_share": 0.0,
        "unverified_share": 0.0,
        "verified_share": 0.044444444444444446
      },
      "claim_type": "domain_reasoning",
      "row_total": 45
    },
    {
      "bucket_counts": {
        "domain_count": 1,
        "filler_count": 0,
        "unverified_count": 1,
        "verified_count": 93
      },
      "bucket_shares": {
        "domain_share": 0.010526315789473684,
        "filler_share": 0.0,
        "unverified_share": 0.010526315789473684,
        "verified_share": 0.9789473684210527
      },
      "claim_type": "exact_value",
      "row_total": 95
    },
    {
      "bucket_counts": {
        "domain_count": 0,
        "filler_count": 0,
        "unverified_count": 2,
        "verified_count": 9
      },
      "bucket_shares": {
        "domain_share": 0.0,
        "filler_share": 0.0,
        "unverified_share": 0.18181818181818182,
        "verified_share": 0.8181818181818182
      },
      "claim_type": "existence_absence",
      "row_total": 11
    },
    {
      "bucket_counts": {
        "domain_count": 0,
        "filler_count": 58,
        "unverified_count": 0,
        "verified_count": 0
      },
      "bucket_shares": {
        "domain_share": 0.0,
        "filler_share": 1.0,
        "unverified_share": 0.0,
        "verified_share": 0.0
      },
      "claim_type": "filler",
      "row_total": 58
    },
    {
      "bucket_counts": {
        "domain_count": 3,
        "filler_count": 0,
        "unverified_count": 0,
        "verified_count": 21
      },
      "bucket_shares": {
        "domain_share": 0.125,
        "filler_share": 0.0,
        "unverified_share": 0.0,
        "verified_share": 0.875
      },
      "claim_type": "listing",
      "row_total": 24
    },
    {
      "bucket_counts": {
        "domain_count": 4,
        "filler_count": 0,
        "unverified_count": 5,
        "verified_count": 9
      },
      "bucket_shares": {
        "domain_share": 0.2222222222222222,
        "filler_share": 0.0,
        "unverified_share": 0.2777777777777778,
        "verified_share": 0.5
      },
      "claim_type": "property_attribution",
      "row_total": 18
    },
    {
      "bucket_counts": {
        "domain_count": 0,
        "filler_count": 0,
        "unverified_count": 0,
        "verified_count": 3
      },
      "bucket_shares": {
        "domain_share": 0.0,
        "filler_share": 0.0,
        "unverified_share": 0.0,
        "verified_share": 1.0
      },
      "claim_type": "range",
      "row_total": 3
    },
    {
      "bucket_counts": {
        "domain_count": 0,
        "filler_count": 0,
        "unverified_count": 0,
        "verified_count": 8
      },
      "bucket_shares": {
        "domain_share": 0.0,
        "filler_share": 0.0,
        "unverified_share": 0.0,
        "verified_share": 1.0
      },
      "claim_type": "trend",
      "row_total": 8
    }
  ],
  "claim_type_counts": {
    "calculation": 27,
    "citation": 19,
    "comparison": 12,
    "counting": 5,
    "domain_reasoning": 45,
    "exact_value": 95,
    "existence_absence": 11,
    "filler": 58,
    "listing": 24,
    "property_attribution": 18,
    "range": 3,
    "trend": 8
  },
  "claim_type_support_matrix": [
    {
      "claim_type": "calculation",
      "row_total": 27,
      "support_class_counts": {
        "direct": 9,
        "domain_knowledge": 17,
        "inferred": 1,
        "no_tool_data": 0,
        "unsupported": 0
      }
    },
    {
      "claim_type": "citation",
      "row_total": 19,
      "support_class_counts": {
        "direct": 13,
        "domain_knowledge": 0,
        "inferred": 4,
        "no_tool_data": 1,
        "unsupported": 1
      }
    },
    {
      "claim_type": "comparison",
      "row_total": 12,
      "support_class_counts": {
        "direct": 0,
        "domain_knowledge": 3,
        "inferred": 7,
        "no_tool_data": 0,
        "unsupported": 2
      }
    },
    {
      "claim_type": "counting",
      "row_total": 5,
      "support_class_counts": {
        "direct": 0,
        "domain_knowledge": 1,
        "inferred": 4,
        "no_tool_data": 0,
        "unsupported": 0
      }
    },
    {
      "claim_type": "domain_reasoning",
      "row_total": 45,
      "support_class_counts": {
        "direct": 1,
        "domain_knowledge": 43,
        "inferred": 1,
        "no_tool_data": 0,
        "unsupported": 0
      }
    },
    {
      "claim_type": "exact_value",