{
  "batch_summary": {
    "best_vs_worst": {
      "best_batch": 3,
      "best_verified_share": 0.8604651162790697,
      "eval_mode": "provenance",
      "gap": 0.28903654485049834,
      "model": "claudeopus46",
      "n_batches": 5,
      "question_id": "Q1.2.5",
      "section": 1,
      "worst_batch": 1,
      "worst_verified_share": 0.5714285714285714
    },
    "canonical_agreement": {
      "jaccard_max": 0.7333333333333333,
      "jaccard_mean": 0.5131429174690044,
      "jaccard_min": 0.3181818181818182,
      "model": "claudeopus46",
      "n_batches": 5,
      "n_unique_union": 27,
      "question_id": "Q1.2.5"
    },
    "numeric_agreement": {
      "model": "claudeopus46",
      "n_batches": 5,
      "n_unique_numeric_tokens": 68,
      "question_id": "Q1.2.5",
      "share_in_all_batches": 0.029411764705882353,
      "share_in_ge2": 0.5,
      "share_in_ge3": 0.10294117647058823,
      "share_in_ge4": 0.04411764705882353,
      "share_in_ge5": 0.029411764705882353
    },
    "stability": {
      "domain_mean": 0.12392505462272904,
      "domain_stdev": 0.031440297020934066,
      "eval_mode": "provenance",
      "filler_mean": 0.18005143005143004,
      "filler_stdev": 0.07620888838840277,
      "model": "claudeopus46",
      "n_batches": 5,
      "n_claims_max": 54,
      "n_claims_mean": 42.4,
      "n_claims_min": 33,
      "n_claims_stdev": 7.700649323271382,
      "question_id": "Q1.2.5",
      "section": 1,
      "stability_score": 0.9136896471577435,
      "unverified_mean": 0.1354619736015085,
      "unverified_stdev": 0.10771121080609408,
      "verified_mean": 0.7406129717757625,
      "verified_stdev": 0.129881015153595
    }
  },
  "claim_type_bucket_matrix": [
    {
      "bucket_counts": {
        "domain_count": 0,
        "filler_count": 0,
        "unverified_count": 0,
        "verified_count": 0
      },
      "bucket_shares": {
        "domain_share": 0.0,
        "filler_share": 0.0,
        "unverified_share": 0.0,
        "verified_share": 0.0
      },
      "claim_type": "calculation",
      "row_total": 0
    },
    {
      "bucket_counts": {
        "domain_count": 0,
        "filler_count": 0,
        "unverified_count": 1,
        "verified_count": 37
      },
      "bucket_shares": {
        "domain_share": 0.0,
        "filler_share": 0.0,
        "unverified_share": 0.02631578947368421,
        "verified_share": 0.9736842105263158
      },
      "claim_type": "citation",
      "row_total": 38
    },
    {
      "bucket_counts": {
        "domain_count": 0,
        "filler_count": 0,
        "unverified_count": 3,
        "verified_count": 4
      },
      "bucket_shares": {
        "domain_share": 0.0,
        "filler_share": 0.0,
        "unverified_share": 0.42857142857142855,
        "verified_share": 0.5714285714285714
      },
      "claim_type": "comparison",
      "row_total": 7
    },
    {
      "bucket_counts": {
        "domain_count": 0,
        "filler_count": 0,
        "unverified_count": 9,
        "verified_count": 11
      },
      "bucket_shares": {
        "domain_share": 0.0,
        "filler_share": 0.0,
        "unverified_share": 0.45,
        "verified_share": 0.55
      },
      "claim_type": "counting",
      "row_total": 20
    },
    {
      "bucket_counts": {
        "domain_count": 12,
        "filler_count": 0,
        "unverified_count": 0,
        "verified_count": 0
      },
      "bucket_shares": {
        "domain_share": 1.0,
        "filler_share": 0.0,
        "unverified_share": 0.0,
        "verified_share": 0.0
      },
      "claim_type": "domain_reasoning",
      "row_total": 12
    },
    {
      "bucket_counts": {
        "domain_count": 0,
        "filler_count": 0,
        "unverified_count": 1,
        "verified_count": 42
      },
      "bucket_shares": {
        "domain_share": 0.0,
        "filler_share": 0.0,
        "unverified_share": 0.023255813953488372,
        "verified_share": 0.9767441860465116
      },
      "claim_type": "exact_value",
      "row_total": 43
    },
    {
      "bucket_counts": {
        "domain_count": 0,
        "filler_count": 0,
        "unverified_count": 0,
        "verified_count": 3
      },
      "bucket_shares": {
        "domain_share": 0.0,
        "filler_share": 0.0,
        "unverified_share": 0.0,
        "verified_share": 1.0
      },
      "claim_type": "existence_absence",
      "row_total": 3
    },
    {
      "bucket_counts": {
        "domain_count": 0,
        "filler_count": 39,
        "unverified_count": 0,
        "verified_count": 0
      },
      "bucket_shares": {
        "domain_share": 0.0,
        "filler_share": 1.0,
        "unverified_share": 0.0,
        "verified_share": 0.0
      },
      "claim_type": "filler",
      "row_total": 39
    },
    {
      "bucket_counts": {
        "domain_count": 0,
        "filler_count": 0,
        "unverified_count": 2,
        "verified_count": 11
      },
      "bucket_shares": {
        "domain_share": 0.0,
        "filler_share": 0.0,
        "unverified_share": 0.15384615384615385,
        "verified_share": 0.8461538461538461
      },
      "claim_type": "listing",
      "row_total": 13
    },
    {
      "bucket_counts": {
        "domain_count": 9,
        "filler_count": 0,
        "unverified_count": 3,
        "verified_count": 16
      },
      "bucket_shares": {
        "domain_share": 0.32142857142857145,
        "filler_share": 0.0,
        "unverified_share": 0.10714285714285714,
        "verified_share": 0.5714285714285714
      },
      "claim_type": "property_attribution",
      "row_total": 28
    },
    {
      "bucket_counts": {
        "domain_count": 0,
        "filler_count": 0,
        "unverified_count": 1,
        "verified_count": 7
      },
      "bucket_shares": {
        "domain_share": 0.0,
        "filler_share": 0.0,
        "unverified_share": 0.125,
        "verified_share": 0.875
      },
      "claim_type": "range",
      "row_total": 8
    },
    {
      "bucket_counts": {
        "domain_count": 0,
        "filler_count": 0,
        "unverified_count": 1,
        "verified_count": 0
      },
      "bucket_shares": {
        "domain_share": 0.0,
        "filler_share": 0.0,
        "unverified_share": 1.0,
        "verified_share": 0.0
      },
      "claim_type": "trend",
      "row_total": 1
    }
  ],
  "claim_type_counts": {
    "calculation": 0,
    "citation": 38,
    "comparison": 7,
    "counting": 20,
    "domain_reasoning": 12,
    "exact_value": 43,
    "existence_absence": 3,
    "filler": 39,
    "listing": 13,
    "property_attribution": 28,
    "range": 8,
    "trend": 1
  },
  "claim_type_support_matrix": [
    {
      "claim_type": "calculation",
      "row_total": 0,
      "support_class_counts": {
        "direct": 0,
        "domain_knowledge": 0,
        "inferred": 0,
        "no_tool_data": 0,
        "unsupported": 0
      }
    },
    {
      "claim_type": "citation",
      "row_total": 38,
      "support_class_counts": {
        "direct": 7,
        "domain_knowledge": 0,
        "inferred": 30,
        "no_tool_data": 1,
        "unsupported": 0
      }
    },
    {
      "claim_type": "comparison",
      "row_total": 7,
      "support_class_counts": {
        "direct": 0,
        "domain_knowledge": 0,
        "inferred": 4,
        "no_tool_data": 0,
        "unsupported": 3
      }
    },
    {
      "claim_type": "counting",
      "row_total": 20,
      "support_class_counts": {
        "direct": 8,
        "domain_knowledge": 0,
        "inferred": 3,
        "no_tool_data": 1,
        "unsupported": 8
      }
    },
    {
      "claim_type": "domain_reasoning",
      "row_total": 12,
      "support_class_counts": {
        "direct": 0,
        "domain_knowledge": 12,
        "inferred": 0,
        "no_tool_data": 0,
        "unsupported": 0
      }
    },
    {
      "claim_type": "exact_value",
      "row_total": 43,
      "support_class_counts": {
        "direct": 17,