{
  "batch_summary": {
    "best_vs_worst": {
      "best_batch": 1,
      "best_verified_share": 0.7380952380952381,
      "eval_mode": "comparison",
      "gap": 0.04844006568144499,
      "model": "claudesonnet46",
      "n_batches": 5,
      "question_id": "Q2.1.5",
      "section": 2,
      "worst_batch": 2,
      "worst_verified_share": 0.6896551724137931
    },
    "canonical_agreement": {
      "jaccard_max": 0.8461538461538461,
      "jaccard_mean": 0.6629372261725204,
      "jaccard_min": 0.5294117647058824,
      "model": "claudesonnet46",
      "n_batches": 5,
      "n_unique_union": 19,
      "question_id": "Q2.1.5"
    },
    "numeric_agreement": {
      "model": "claudesonnet46",
      "n_batches": 5,
      "n_unique_numeric_tokens": 28,
      "question_id": "Q2.1.5",
      "share_in_all_batches": 0.21428571428571427,
      "share_in_ge2": 0.6428571428571429,
      "share_in_ge3": 0.5,
      "share_in_ge4": 0.42857142857142855,
      "share_in_ge5": 0.21428571428571427
    },
    "stability": {
      "domain_mean": 0.25518395242533176,
      "domain_stdev": 0.0359874611376265,
      "eval_mode": "comparison",
      "filler_mean": 0.20042506142506142,
      "filler_stdev": 0.07580878697185553,
      "model": "claudesonnet46",
      "n_batches": 5,
      "n_claims_max": 50,
      "n_claims_mean": 42.0,
      "n_claims_min": 33,
      "n_claims_stdev": 7.713624310270756,
      "question_id": "Q2.1.5",
      "section": 2,
      "stability_score": 0.9605257244132712,
      "unverified_mean": 0.04079439044956286,
      "unverified_stdev": 0.02615270862907364,
      "verified_mean": 0.7040216571251054,
      "verified_stdev": 0.01994814560835929
    }
  },
  "claim_type_bucket_matrix": [
    {
      "bucket_counts": {
        "domain_count": 1,
        "filler_count": 0,
        "unverified_count": 0,
        "verified_count": 8
      },
      "bucket_shares": {
        "domain_share": 0.1111111111111111,
        "filler_share": 0.0,
        "unverified_share": 0.0,
        "verified_share": 0.8888888888888888
      },
      "claim_type": "calculation",
      "row_total": 9
    },
    {
      "bucket_counts": {
        "domain_count": 0,
        "filler_count": 0,
        "unverified_count": 2,
        "verified_count": 20
      },
      "bucket_shares": {
        "domain_share": 0.0,
        "filler_share": 0.0,
        "unverified_share": 0.09090909090909091,
        "verified_share": 0.9090909090909091
      },
      "claim_type": "citation",
      "row_total": 22
    },
    {
      "bucket_counts": {
        "domain_count": 2,
        "filler_count": 0,
        "unverified_count": 2,
        "verified_count": 10
      },
      "bucket_shares": {
        "domain_share": 0.14285714285714285,
        "filler_share": 0.0,
        "unverified_share": 0.14285714285714285,
        "verified_share": 0.7142857142857143
      },
      "claim_type": "comparison",
      "row_total": 14
    },
    {
      "bucket_counts": {
        "domain_count": 0,
        "filler_count": 0,
        "unverified_count": 0,
        "verified_count": 0
      },
      "bucket_shares": {
        "domain_share": 0.0,
        "filler_share": 0.0,
        "unverified_share": 0.0,
        "verified_share": 0.0
      },
      "claim_type": "counting",
      "row_total": 0
    },
    {
      "bucket_counts": {
        "domain_count": 19,
        "filler_count": 0,
        "unverified_count": 1,
        "verified_count": 11
      },
      "bucket_shares": {
        "domain_share": 0.6129032258064516,
        "filler_share": 0.0,
        "unverified_share": 0.03225806451612903,
        "verified_share": 0.3548387096774194
      },
      "claim_type": "domain_reasoning",
      "row_total": 31
    },
    {
      "bucket_counts": {
        "domain_count": 0,
        "filler_count": 0,
        "unverified_count": 0,
        "verified_count": 50
      },
      "bucket_shares": {
        "domain_share": 0.0,
        "filler_share": 0.0,
        "unverified_share": 0.0,
        "verified_share": 1.0
      },
      "claim_type": "exact_value",
      "row_total": 50
    },
    {
      "bucket_counts": {
        "domain_count": 0,
        "filler_count": 0,
        "unverified_count": 0,
        "verified_count": 0
      },
      "bucket_shares": {
        "domain_share": 0.0,
        "filler_share": 0.0,
        "unverified_share": 0.0,
        "verified_share": 0.0
      },
      "claim_type": "existence_absence",
      "row_total": 0
    },
    {
      "bucket_counts": {
        "domain_count": 0,
        "filler_count": 43,
        "unverified_count": 0,
        "verified_count": 0
      },
      "bucket_shares": {
        "domain_share": 0.0,
        "filler_share": 1.0,
        "unverified_share": 0.0,
        "verified_share": 0.0
      },
      "claim_type": "filler",
      "row_total": 43
    },
    {
      "bucket_counts": {
        "domain_count": 1,
        "filler_count": 0,
        "unverified_count": 0,
        "verified_count": 7
      },
      "bucket_shares": {
        "domain_share": 0.125,
        "filler_share": 0.0,
        "unverified_share": 0.0,
        "verified_share": 0.875
      },
      "claim_type": "listing",
      "row_total": 8
    },
    {
      "bucket_counts": {
        "domain_count": 19,
        "filler_count": 0,
        "unverified_count": 0,
        "verified_count": 12
      },
      "bucket_shares": {
        "domain_share": 0.6129032258064516,
        "filler_share": 0.0,
        "unverified_share": 0.0,
        "verified_share": 0.3870967741935484
      },
      "claim_type": "property_attribution",
      "row_total": 31
    },
    {
      "bucket_counts": {
        "domain_count": 0,
        "filler_count": 0,
        "unverified_count": 1,
        "verified_count": 0
      },
      "bucket_shares": {
        "domain_share": 0.0,
        "filler_share": 0.0,
        "unverified_share": 1.0,
        "verified_share": 0.0
      },
      "claim_type": "range",
      "row_total": 1
    },
    {
      "bucket_counts": {
        "domain_count": 0,
        "filler_count": 0,
        "unverified_count": 1,
        "verified_count": 0
      },
      "bucket_shares": {
        "domain_share": 0.0,
        "filler_share": 0.0,
        "unverified_share": 1.0,
        "verified_share": 0.0
      },
      "claim_type": "trend",
      "row_total": 1
    }
  ],
  "claim_type_counts": {
    "calculation": 9,
    "citation": 22,
    "comparison": 14,
    "counting": 0,
    "domain_reasoning": 31,
    "exact_value": 50,
    "existence_absence": 0,
    "filler": 43,
    "listing": 8,
    "property_attribution": 31,
    "range": 1,
    "trend": 1
  },
  "claim_type_support_matrix": [
    {
      "claim_type": "calculation",
      "row_total": 9,
      "support_class_counts": {
        "direct": 4,
        "domain_knowledge": 1,
        "inferred": 4,
        "no_tool_data": 0,
        "unsupported": 0
      }
    },
    {
      "claim_type": "citation",
      "row_total": 22,
      "support_class_counts": {
        "direct": 19,
        "domain_knowledge": 0,
        "inferred": 1,
        "no_tool_data": 1,
        "unsupported": 1
      }
    },
    {
      "claim_type": "comparison",
      "row_total": 14,
      "support_class_counts": {
        "direct": 0,
        "domain_knowledge": 2,
        "inferred": 10,
        "no_tool_data": 0,
        "unsupported": 2
      }
    },
    {
      "claim_type": "counting",
      "row_total": 0,
      "support_class_counts": {
        "direct": 0,
        "domain_knowledge": 0,
        "inferred": 0,
        "no_tool_data": 0,
        "unsupported": 0
      }
    },
    {
      "claim_type": "domain_reasoning",
      "row_total": 31,
      "support_class_counts": {
        "direct": 1,
        "domain_knowledge": 19,
        "inferred": 10,
        "no_tool_data": 0,
        "unsupported": 1
      }
    },
    {
      "claim_type": "exact_value",
      "row_total": 50,