{
  "batch_summary": {
    "best_vs_worst": {
      "best_batch": 2,
      "best_verified_share": 0.5,
      "eval_mode": "ambiguous",
      "gap": 0.3,
      "model": "claudeopus46",
      "n_batches": 5,
      "question_id": "Q5.1.5",
      "section": 5.1,
      "worst_batch": 3,
      "worst_verified_share": 0.2
    },
    "canonical_agreement": {
      "jaccard_max": 0.55,
      "jaccard_mean": 0.28519953902306844,
      "jaccard_min": 0.05555555555555555,
      "model": "claudeopus46",
      "n_batches": 5,
      "n_unique_union": 40,
      "question_id": "Q5.1.5"
    },
    "numeric_agreement": {
      "model": "claudeopus46",
      "n_batches": 5,
      "n_unique_numeric_tokens": 117,
      "question_id": "Q5.1.5",
      "share_in_all_batches": 0.03418803418803419,
      "share_in_ge2": 0.3333333333333333,
      "share_in_ge3": 0.23076923076923078,
      "share_in_ge4": 0.1111111111111111,
      "share_in_ge5": 0.03418803418803419
    },
    "stability": {
      "domain_mean": 0.3145580618212197,
      "domain_stdev": 0.072197795071172,
      "eval_mode": "ambiguous",
      "filler_mean": 0.18438204002447883,
      "filler_stdev": 0.024748218336020807,
      "model": "claudeopus46",
      "n_batches": 5,
      "n_claims_max": 109,
      "n_claims_mean": 94.8,
      "n_claims_min": 69,
      "n_claims_stdev": 16.13071604114337,
      "question_id": "Q5.1.5",
      "section": 5.1,
      "stability_score": 0.9179404375033993,
      "unverified_mean": 0.3869122807017544,
      "unverified_stdev": 0.1113230849671612,
      "verified_mean": 0.29852965747702587,
      "verified_stdev": 0.11996915161204885
    }
  },
  "claim_type_bucket_matrix": [
    {
      "bucket_counts": {
        "domain_count": 4,
        "filler_count": 0,
        "unverified_count": 1,
        "verified_count": 1
      },
      "bucket_shares": {
        "domain_share": 0.6666666666666666,
        "filler_share": 0.0,
        "unverified_share": 0.16666666666666666,
        "verified_share": 0.16666666666666666
      },
      "claim_type": "calculation",
      "row_total": 6
    },
    {
      "bucket_counts": {
        "domain_count": 0,
        "filler_count": 0,
        "unverified_count": 1,
        "verified_count": 16
      },
      "bucket_shares": {
        "domain_share": 0.0,
        "filler_share": 0.0,
        "unverified_share": 0.058823529411764705,
        "verified_share": 0.9411764705882353
      },
      "claim_type": "citation",
      "row_total": 17
    },
    {
      "bucket_counts": {
        "domain_count": 14,
        "filler_count": 0,
        "unverified_count": 7,
        "verified_count": 1
      },
      "bucket_shares": {
        "domain_share": 0.6363636363636364,
        "filler_share": 0.0,
        "unverified_share": 0.3181818181818182,
        "verified_share": 0.045454545454545456
      },
      "claim_type": "comparison",
      "row_total": 22
    },
    {
      "bucket_counts": {
        "domain_count": 4,
        "filler_count": 0,
        "unverified_count": 1,
        "verified_count": 15
      },
      "bucket_shares": {
        "domain_share": 0.2,
        "filler_share": 0.0,
        "unverified_share": 0.05,
        "verified_share": 0.75
      },
      "claim_type": "counting",
      "row_total": 20
    },
    {
      "bucket_counts": {
        "domain_count": 33,
        "filler_count": 0,
        "unverified_count": 0,
        "verified_count": 0
      },
      "bucket_shares": {
        "domain_share": 1.0,
        "filler_share": 0.0,
        "unverified_share": 0.0,
        "verified_share": 0.0
      },
      "claim_type": "domain_reasoning",
      "row_total": 33
    },
    {
      "bucket_counts": {
        "domain_count": 2,
        "filler_count": 0,
        "unverified_count": 107,
        "verified_count": 34
      },
      "bucket_shares": {
        "domain_share": 0.013986013986013986,
        "filler_share": 0.0,
        "unverified_share": 0.7482517482517482,
        "verified_share": 0.23776223776223776
      },
      "claim_type": "exact_value",
      "row_total": 143
    },
    {
      "bucket_counts": {
        "domain_count": 0,
        "filler_count": 0,
        "unverified_count": 0,
        "verified_count": 2
      },
      "bucket_shares": {
        "domain_share": 0.0,
        "filler_share": 0.0,
        "unverified_share": 0.0,
        "verified_share": 1.0
      },
      "claim_type": "existence_absence",
      "row_total": 2
    },
    {
      "bucket_counts": {
        "domain_count": 0,
        "filler_count": 87,
        "unverified_count": 0,
        "verified_count": 0
      },
      "bucket_shares": {
        "domain_share": 0.0,
        "filler_share": 1.0,
        "unverified_share": 0.0,
        "verified_share": 0.0
      },
      "claim_type": "filler",
      "row_total": 87
    },
    {
      "bucket_counts": {
        "domain_count": 10,
        "filler_count": 0,
        "unverified_count": 9,
        "verified_count": 14
      },
      "bucket_shares": {
        "domain_share": 0.30303030303030304,
        "filler_share": 0.0,
        "unverified_share": 0.2727272727272727,
        "verified_share": 0.42424242424242425
      },
      "claim_type": "listing",
      "row_total": 33
    },
    {
      "bucket_counts": {
        "domain_count": 51,
        "filler_count": 0,
        "unverified_count": 7,
        "verified_count": 34
      },
      "bucket_shares": {
        "domain_share": 0.5543478260869565,
        "filler_share": 0.0,
        "unverified_share": 0.07608695652173914,
        "verified_share": 0.3695652173913043
      },
      "claim_type": "property_attribution",
      "row_total": 92
    },
    {
      "bucket_counts": {
        "domain_count": 2,
        "filler_count": 0,
        "unverified_count": 11,
        "verified_count": 3
      },
      "bucket_shares": {
        "domain_share": 0.125,
        "filler_share": 0.0,
        "unverified_share": 0.6875,
        "verified_share": 0.1875
      },
      "claim_type": "range",
      "row_total": 16
    },
    {
      "bucket_counts": {
        "domain_count": 1,
        "filler_count": 0,
        "unverified_count": 2,
        "verified_count": 0
      },
      "bucket_shares": {
        "domain_share": 0.3333333333333333,
        "filler_share": 0.0,
        "unverified_share": 0.6666666666666666,
        "verified_share": 0.0
      },
      "claim_type": "trend",
      "row_total": 3
    }
  ],
  "claim_type_counts": {
    "calculation": 6,
    "citation": 17,
    "comparison": 22,
    "counting": 20,
    "domain_reasoning": 33,
    "exact_value": 143,
    "existence_absence": 2,
    "filler": 87,
    "listing": 33,
    "property_attribution": 92,
    "range": 16,
    "trend": 3
  },
  "claim_type_support_matrix": [
    {
      "claim_type": "calculation",
      "row_total": 6,
      "support_class_counts": {
        "direct": 0,
        "domain_knowledge": 4,
        "inferred": 1,
        "no_tool_data": 0,
        "unsupported": 1
      }
    },
    {
      "claim_type": "citation",
      "row_total": 17,
      "support_class_counts": {
        "direct": 4,
        "domain_knowledge": 0,
        "inferred": 12,
        "no_tool_data": 0,
        "unsupported": 1
      }
    },
    {
      "claim_type": "comparison",
      "row_total": 22,
      "support_class_counts": {
        "direct": 0,
        "domain_knowledge": 14,
        "inferred": 1,
        "no_tool_data": 1,
        "unsupported": 6
      }
    },
    {
      "claim_type": "counting",
      "row_total": 20,
      "support_class_counts": {
        "direct": 9,
        "domain_knowledge": 4,
        "inferred": 6,
        "no_tool_data": 0,
        "unsupported": 1
      }
    },
    {
      "claim_type": "domain_reasoning",
      "row_total": 33,
      "support_class_counts": {
        "direct": 0,
        "domain_knowledge": 33,
        "inferred": 0,
        "no_tool_data": 0,