{
  "batch_summary": {
    "best_vs_worst": {
      "best_batch": 2,
      "best_verified_share": 0.6363636363636364,
      "eval_mode": "ambiguous",
      "gap": 0.37608966376089664,
      "model": "claudeopus46",
      "n_batches": 5,
      "question_id": "Q5.1.3",
      "section": 5.1,
      "worst_batch": 4,
      "worst_verified_share": 0.2602739726027397
    },
    "canonical_agreement": {
      "jaccard_max": 0.5555555555555556,
      "jaccard_mean": 0.2091030715658197,
      "jaccard_min": 0.05813953488372093,
      "model": "claudeopus46",
      "n_batches": 5,
      "n_unique_union": 106,
      "question_id": "Q5.1.3"
    },
    "numeric_agreement": {
      "model": "claudeopus46",
      "n_batches": 5,
      "n_unique_numeric_tokens": 114,
      "question_id": "Q5.1.3",
      "share_in_all_batches": 0.14912280701754385,
      "share_in_ge2": 0.2982456140350877,
      "share_in_ge3": 0.23684210526315788,
      "share_in_ge4": 0.22807017543859648,
      "share_in_ge5": 0.14912280701754385
    },
    "stability": {
      "domain_mean": 0.3182979371021786,
      "domain_stdev": 0.14579450996452273,
      "eval_mode": "ambiguous",
      "filler_mean": 0.170591622658296,
      "filler_stdev": 0.028058471414878314,
      "model": "claudeopus46",
      "n_batches": 5,
      "n_claims_max": 96,
      "n_claims_mean": 80.0,
      "n_claims_min": 61,
      "n_claims_stdev": 12.708265027138834,
      "question_id": "Q5.1.3",
      "section": 5.1,
      "stability_score": 0.8854263974597442,
      "unverified_mean": 0.25097887414210907,
      "unverified_stdev": 0.13713254051401652,
      "verified_mean": 0.43072318875571236,
      "verified_stdev": 0.1473088882676057
    }
  },
  "claim_type_bucket_matrix": [
    {
      "bucket_counts": {
        "domain_count": 0,
        "filler_count": 0,
        "unverified_count": 2,
        "verified_count": 0
      },
      "bucket_shares": {
        "domain_share": 0.0,
        "filler_share": 0.0,
        "unverified_share": 1.0,
        "verified_share": 0.0
      },
      "claim_type": "calculation",
      "row_total": 2
    },
    {
      "bucket_counts": {
        "domain_count": 0,
        "filler_count": 0,
        "unverified_count": 1,
        "verified_count": 13
      },
      "bucket_shares": {
        "domain_share": 0.0,
        "filler_share": 0.0,
        "unverified_share": 0.07142857142857142,
        "verified_share": 0.9285714285714286
      },
      "claim_type": "citation",
      "row_total": 14
    },
    {
      "bucket_counts": {
        "domain_count": 21,
        "filler_count": 0,
        "unverified_count": 17,
        "verified_count": 22
      },
      "bucket_shares": {
        "domain_share": 0.35,
        "filler_share": 0.0,
        "unverified_share": 0.2833333333333333,
        "verified_share": 0.36666666666666664
      },
      "claim_type": "comparison",
      "row_total": 60
    },
    {
      "bucket_counts": {
        "domain_count": 0,
        "filler_count": 0,
        "unverified_count": 5,
        "verified_count": 10
      },
      "bucket_shares": {
        "domain_share": 0.0,
        "filler_share": 0.0,
        "unverified_share": 0.3333333333333333,
        "verified_share": 0.6666666666666666
      },
      "claim_type": "counting",
      "row_total": 15
    },
    {
      "bucket_counts": {
        "domain_count": 37,
        "filler_count": 0,
        "unverified_count": 1,
        "verified_count": 2
      },
      "bucket_shares": {
        "domain_share": 0.925,
        "filler_share": 0.0,
        "unverified_share": 0.025,
        "verified_share": 0.05
      },
      "claim_type": "domain_reasoning",
      "row_total": 40
    },
    {
      "bucket_counts": {
        "domain_count": 0,
        "filler_count": 0,
        "unverified_count": 42,
        "verified_count": 47
      },
      "bucket_shares": {
        "domain_share": 0.0,
        "filler_share": 0.0,
        "unverified_share": 0.47191011235955055,
        "verified_share": 0.5280898876404494
      },
      "claim_type": "exact_value",
      "row_total": 89
    },
    {
      "bucket_counts": {
        "domain_count": 1,
        "filler_count": 0,
        "unverified_count": 0,
        "verified_count": 3
      },
      "bucket_shares": {
        "domain_share": 0.25,
        "filler_share": 0.0,
        "unverified_share": 0.0,
        "verified_share": 0.75
      },
      "claim_type": "existence_absence",
      "row_total": 4
    },
    {
      "bucket_counts": {
        "domain_count": 0,
        "filler_count": 68,
        "unverified_count": 0,
        "verified_count": 0
      },
      "bucket_shares": {
        "domain_share": 0.0,
        "filler_share": 1.0,
        "unverified_share": 0.0,
        "verified_share": 0.0
      },
      "claim_type": "filler",
      "row_total": 68
    },
    {
      "bucket_counts": {
        "domain_count": 11,
        "filler_count": 0,
        "unverified_count": 3,
        "verified_count": 27
      },
      "bucket_shares": {
        "domain_share": 0.2682926829268293,
        "filler_share": 0.0,
        "unverified_share": 0.07317073170731707,
        "verified_share": 0.6585365853658537
      },
      "claim_type": "listing",
      "row_total": 41
    },
    {
      "bucket_counts": {
        "domain_count": 38,
        "filler_count": 0,
        "unverified_count": 9,
        "verified_count": 19
      },
      "bucket_shares": {
        "domain_share": 0.5757575757575758,
        "filler_share": 0.0,
        "unverified_share": 0.13636363636363635,
        "verified_share": 0.2878787878787879
      },
      "claim_type": "property_attribution",
      "row_total": 66
    },
    {
      "bucket_counts": {
        "domain_count": 0,
        "filler_count": 0,
        "unverified_count": 1,
        "verified_count": 0
      },
      "bucket_shares": {
        "domain_share": 0.0,
        "filler_share": 0.0,
        "unverified_share": 1.0,
        "verified_share": 0.0
      },
      "claim_type": "range",
      "row_total": 1
    },
    {
      "bucket_counts": {
        "domain_count": 0,
        "filler_count": 0,
        "unverified_count": 0,
        "verified_count": 0
      },
      "bucket_shares": {
        "domain_share": 0.0,
        "filler_share": 0.0,
        "unverified_share": 0.0,
        "verified_share": 0.0
      },
      "claim_type": "trend",
      "row_total": 0
    }
  ],
  "claim_type_counts": {
    "calculation": 2,
    "citation": 14,
    "comparison": 60,
    "counting": 15,
    "domain_reasoning": 40,
    "exact_value": 89,
    "existence_absence": 4,
    "filler": 68,
    "listing": 41,
    "property_attribution": 66,
    "range": 1,
    "trend": 0
  },
  "claim_type_support_matrix": [
    {
      "claim_type": "calculation",
      "row_total": 2,
      "support_class_counts": {
        "direct": 0,
        "domain_knowledge": 0,
        "inferred": 0,
        "no_tool_data": 0,
        "unsupported": 2
      }
    },
    {
      "claim_type": "citation",
      "row_total": 14,
      "support_class_counts": {
        "direct": 10,
        "domain_knowledge": 0,
        "inferred": 3,
        "no_tool_data": 1,
        "unsupported": 0
      }
    },
    {
      "claim_type": "comparison",
      "row_total": 60,
      "support_class_counts": {
        "direct": 2,
        "domain_knowledge": 21,
        "inferred": 20,
        "no_tool_data": 0,
        "unsupported": 17
      }
    },
    {
      "claim_type": "counting",
      "row_total": 15,
      "support_class_counts": {
        "direct": 1,
        "domain_knowledge": 0,
        "inferred": 9,
        "no_tool_data": 0,
        "unsupported": 5
      }
    },
    {
      "claim_type": "domain_reasoning",
      "row_total": 40,
      "support_class_counts": {
        "direct": 0,
        "domain_knowledge": 37,
        "inferred": 2,
        "no_tool_data": 0,
        "unsupported": 1
      }
    },
    {
      "claim_type": "exact_value",