{
  "batch_summary": {
    "best_vs_worst": {
      "best_batch": 3,
      "best_verified_share": 0.6527777777777778,
      "eval_mode": "ambiguous",
      "gap": 0.4675925925925926,
      "model": "claudeopus46",
      "n_batches": 5,
      "question_id": "Q5.1.1",
      "section": 5.1,
      "worst_batch": 2,
      "worst_verified_share": 0.18518518518518517
    },
    "canonical_agreement": {
      "jaccard_max": 1.0,
      "jaccard_mean": 0.4297051328722242,
      "jaccard_min": 0.07462686567164178,
      "model": "claudeopus46",
      "n_batches": 5,
      "n_unique_union": 82,
      "question_id": "Q5.1.1"
    },
    "numeric_agreement": {
      "model": "claudeopus46",
      "n_batches": 5,
      "n_unique_numeric_tokens": 69,
      "question_id": "Q5.1.1",
      "share_in_all_batches": 0.30434782608695654,
      "share_in_ge2": 0.7246376811594203,
      "share_in_ge3": 0.43478260869565216,
      "share_in_ge4": 0.3188405797101449,
      "share_in_ge5": 0.30434782608695654
    },
    "stability": {
      "domain_mean": 0.3166483846260495,
      "domain_stdev": 0.16380864491128141,
      "eval_mode": "ambiguous",
      "filler_mean": 0.14440110624870925,
      "filler_stdev": 0.04708881636816649,
      "model": "claudeopus46",
      "n_batches": 5,
      "n_claims_max": 106,
      "n_claims_mean": 85.8,
      "n_claims_min": 71,
      "n_claims_stdev": 13.442470011125188,
      "question_id": "Q5.1.1",
      "section": 5.1,
      "stability_score": 0.8573575045013782,
      "unverified_mean": 0.2923819045042714,
      "unverified_stdev": 0.13321532475002437,
      "verified_mean": 0.39096971086967913,
      "verified_stdev": 0.2264571959650153
    }
  },
  "claim_type_bucket_matrix": [
    {
      "bucket_counts": {
        "domain_count": 0,
        "filler_count": 0,
        "unverified_count": 0,
        "verified_count": 0
      },
      "bucket_shares": {
        "domain_share": 0.0,
        "filler_share": 0.0,
        "unverified_share": 0.0,
        "verified_share": 0.0
      },
      "claim_type": "calculation",
      "row_total": 0
    },
    {
      "bucket_counts": {
        "domain_count": 1,
        "filler_count": 0,
        "unverified_count": 1,
        "verified_count": 5
      },
      "bucket_shares": {
        "domain_share": 0.14285714285714285,
        "filler_share": 0.0,
        "unverified_share": 0.14285714285714285,
        "verified_share": 0.7142857142857143
      },
      "claim_type": "citation",
      "row_total": 7
    },
    {
      "bucket_counts": {
        "domain_count": 13,
        "filler_count": 0,
        "unverified_count": 8,
        "verified_count": 16
      },
      "bucket_shares": {
        "domain_share": 0.35135135135135137,
        "filler_share": 0.0,
        "unverified_share": 0.21621621621621623,
        "verified_share": 0.43243243243243246
      },
      "claim_type": "comparison",
      "row_total": 37
    },
    {
      "bucket_counts": {
        "domain_count": 0,
        "filler_count": 0,
        "unverified_count": 33,
        "verified_count": 14
      },
      "bucket_shares": {
        "domain_share": 0.0,
        "filler_share": 0.0,
        "unverified_share": 0.7021276595744681,
        "verified_share": 0.2978723404255319
      },
      "claim_type": "counting",
      "row_total": 47
    },
    {
      "bucket_counts": {
        "domain_count": 34,
        "filler_count": 0,
        "unverified_count": 0,
        "verified_count": 0
      },
      "bucket_shares": {
        "domain_share": 1.0,
        "filler_share": 0.0,
        "unverified_share": 0.0,
        "verified_share": 0.0
      },
      "claim_type": "domain_reasoning",
      "row_total": 34
    },
    {
      "bucket_counts": {
        "domain_count": 0,
        "filler_count": 0,
        "unverified_count": 45,
        "verified_count": 72
      },
      "bucket_shares": {
        "domain_share": 0.0,
        "filler_share": 0.0,
        "unverified_share": 0.38461538461538464,
        "verified_share": 0.6153846153846154
      },
      "claim_type": "exact_value",
      "row_total": 117
    },
    {
      "bucket_counts": {
        "domain_count": 1,
        "filler_count": 0,
        "unverified_count": 0,
        "verified_count": 5
      },
      "bucket_shares": {
        "domain_share": 0.16666666666666666,
        "filler_share": 0.0,
        "unverified_share": 0.0,
        "verified_share": 0.8333333333333334
      },
      "claim_type": "existence_absence",
      "row_total": 6
    },
    {
      "bucket_counts": {
        "domain_count": 0,
        "filler_count": 60,
        "unverified_count": 0,
        "verified_count": 0
      },
      "bucket_shares": {
        "domain_share": 0.0,
        "filler_share": 1.0,
        "unverified_share": 0.0,
        "verified_share": 0.0
      },
      "claim_type": "filler",
      "row_total": 60
    },
    {
      "bucket_counts": {
        "domain_count": 18,
        "filler_count": 0,
        "unverified_count": 12,
        "verified_count": 18
      },
      "bucket_shares": {
        "domain_share": 0.375,
        "filler_share": 0.0,
        "unverified_share": 0.25,
        "verified_share": 0.375
      },
      "claim_type": "listing",
      "row_total": 48
    },
    {
      "bucket_counts": {
        "domain_count": 42,
        "filler_count": 0,
        "unverified_count": 1,
        "verified_count": 19
      },
      "bucket_shares": {
        "domain_share": 0.6774193548387096,
        "filler_share": 0.0,
        "unverified_share": 0.016129032258064516,
        "verified_share": 0.3064516129032258
      },
      "claim_type": "property_attribution",
      "row_total": 62
    },
    {
      "bucket_counts": {
        "domain_count": 0,
        "filler_count": 0,
        "unverified_count": 8,
        "verified_count": 1
      },
      "bucket_shares": {
        "domain_share": 0.0,
        "filler_share": 0.0,
        "unverified_share": 0.8888888888888888,
        "verified_share": 0.1111111111111111
      },
      "claim_type": "range",
      "row_total": 9
    },
    {
      "bucket_counts": {
        "domain_count": 2,
        "filler_count": 0,
        "unverified_count": 0,
        "verified_count": 0
      },
      "bucket_shares": {
        "domain_share": 1.0,
        "filler_share": 0.0,
        "unverified_share": 0.0,
        "verified_share": 0.0
      },
      "claim_type": "trend",
      "row_total": 2
    }
  ],
  "claim_type_counts": {
    "calculation": 0,
    "citation": 7,
    "comparison": 37,
    "counting": 47,
    "domain_reasoning": 34,
    "exact_value": 117,
    "existence_absence": 6,
    "filler": 60,
    "listing": 48,
    "property_attribution": 62,
    "range": 9,
    "trend": 2
  },
  "claim_type_support_matrix": [
    {
      "claim_type": "calculation",
      "row_total": 0,
      "support_class_counts": {
        "direct": 0,
        "domain_knowledge": 0,
        "inferred": 0,
        "no_tool_data": 0,
        "unsupported": 0
      }
    },
    {
      "claim_type": "citation",
      "row_total": 7,
      "support_class_counts": {
        "direct": 4,
        "domain_knowledge": 1,
        "inferred": 1,
        "no_tool_data": 1,
        "unsupported": 0
      }
    },
    {
      "claim_type": "comparison",
      "row_total": 37,
      "support_class_counts": {
        "direct": 0,
        "domain_knowledge": 13,
        "inferred": 16,
        "no_tool_data": 0,
        "unsupported": 8
      }
    },
    {
      "claim_type": "counting",
      "row_total": 47,
      "support_class_counts": {
        "direct": 7,
        "domain_knowledge": 0,
        "inferred": 7,
        "no_tool_data": 0,
        "unsupported": 33
      }
    },
    {
      "claim_type": "domain_reasoning",
      "row_total": 34,
      "support_class_counts": {
        "direct": 0,
        "domain_knowledge": 34,
        "inferred": 0,
        "no_tool_data": 0,