{
  "batch_summary": {
    "best_vs_worst": {
      "best_batch": 2,
      "best_verified_share": 0.3684210526315789,
      "eval_mode": "thermo_reasoning",
      "gap": 0.25355618776671407,
      "model": "claudesonnet46",
      "n_batches": 5,
      "question_id": "Q3.2.4",
      "section": 3,
      "worst_batch": 3,
      "worst_verified_share": 0.11486486486486487
    },
    "canonical_agreement": {
      "jaccard_max": 0.6458333333333334,
      "jaccard_mean": 0.3722091195055089,
      "jaccard_min": 0.045454545454545456,
      "model": "claudesonnet46",
      "n_batches": 5,
      "n_unique_union": 58,
      "question_id": "Q3.2.4"
    },
    "numeric_agreement": {
      "model": "claudesonnet46",
      "n_batches": 5,
      "n_unique_numeric_tokens": 107,
      "question_id": "Q3.2.4",
      "share_in_all_batches": 0.18691588785046728,
      "share_in_ge2": 0.411214953271028,
      "share_in_ge3": 0.3364485981308411,
      "share_in_ge4": 0.2616822429906542,
      "share_in_ge5": 0.18691588785046728
    },
    "stability": {
      "domain_mean": 0.4381923905886877,
      "domain_stdev": 0.0845535153476164,
      "eval_mode": "thermo_reasoning",
      "filler_mean": 0.1537378352662908,
      "filler_stdev": 0.01470795304310373,
      "model": "claudesonnet46",
      "n_batches": 5,
      "n_claims_max": 171,
      "n_claims_mean": 163.0,
      "n_claims_min": 155,
      "n_claims_stdev": 7.615773105863909,
      "question_id": "Q3.2.4",
      "section": 3,
      "stability_score": 0.9227568178320469,
      "unverified_mean": 0.24927769673802908,
      "unverified_stdev": 0.09895972526016204,
      "verified_mean": 0.31252991267328323,
      "verified_stdev": 0.11075153502093035
    }
  },
  "claim_type_bucket_matrix": [
    {
      "bucket_counts": {
        "domain_count": 2,
        "filler_count": 0,
        "unverified_count": 0,
        "verified_count": 0
      },
      "bucket_shares": {
        "domain_share": 1.0,
        "filler_share": 0.0,
        "unverified_share": 0.0,
        "verified_share": 0.0
      },
      "claim_type": "calculation",
      "row_total": 2
    },
    {
      "bucket_counts": {
        "domain_count": 0,
        "filler_count": 0,
        "unverified_count": 1,
        "verified_count": 11
      },
      "bucket_shares": {
        "domain_share": 0.0,
        "filler_share": 0.0,
        "unverified_share": 0.08333333333333333,
        "verified_share": 0.9166666666666666
      },
      "claim_type": "citation",
      "row_total": 12
    },
    {
      "bucket_counts": {
        "domain_count": 37,
        "filler_count": 0,
        "unverified_count": 52,
        "verified_count": 17
      },
      "bucket_shares": {
        "domain_share": 0.3490566037735849,
        "filler_share": 0.0,
        "unverified_share": 0.49056603773584906,
        "verified_share": 0.16037735849056603
      },
      "claim_type": "comparison",
      "row_total": 106
    },
    {
      "bucket_counts": {
        "domain_count": 0,
        "filler_count": 0,
        "unverified_count": 5,
        "verified_count": 7
      },
      "bucket_shares": {
        "domain_share": 0.0,
        "filler_share": 0.0,
        "unverified_share": 0.4166666666666667,
        "verified_share": 0.5833333333333334
      },
      "claim_type": "counting",
      "row_total": 12
    },
    {
      "bucket_counts": {
        "domain_count": 94,
        "filler_count": 0,
        "unverified_count": 0,
        "verified_count": 1
      },
      "bucket_shares": {
        "domain_share": 0.9894736842105263,
        "filler_share": 0.0,
        "unverified_share": 0.0,
        "verified_share": 0.010526315789473684
      },
      "claim_type": "domain_reasoning",
      "row_total": 95
    },
    {
      "bucket_counts": {
        "domain_count": 32,
        "filler_count": 0,
        "unverified_count": 92,
        "verified_count": 124
      },
      "bucket_shares": {
        "domain_share": 0.12903225806451613,
        "filler_share": 0.0,
        "unverified_share": 0.3709677419354839,
        "verified_share": 0.5
      },
      "claim_type": "exact_value",
      "row_total": 248
    },
    {
      "bucket_counts": {
        "domain_count": 1,
        "filler_count": 0,
        "unverified_count": 1,
        "verified_count": 4
      },
      "bucket_shares": {
        "domain_share": 0.16666666666666666,
        "filler_share": 0.0,
        "unverified_share": 0.16666666666666666,
        "verified_share": 0.6666666666666666
      },
      "claim_type": "existence_absence",
      "row_total": 6
    },
    {
      "bucket_counts": {
        "domain_count": 0,
        "filler_count": 125,
        "unverified_count": 0,
        "verified_count": 0
      },
      "bucket_shares": {
        "domain_share": 0.0,
        "filler_share": 1.0,
        "unverified_share": 0.0,
        "verified_share": 0.0
      },
      "claim_type": "filler",
      "row_total": 125
    },
    {
      "bucket_counts": {
        "domain_count": 17,
        "filler_count": 0,
        "unverified_count": 1,
        "verified_count": 25
      },
      "bucket_shares": {
        "domain_share": 0.3953488372093023,
        "filler_share": 0.0,
        "unverified_share": 0.023255813953488372,
        "verified_share": 0.5813953488372093
      },
      "claim_type": "listing",
      "row_total": 43
    },
    {
      "bucket_counts": {
        "domain_count": 110,
        "filler_count": 0,
        "unverified_count": 7,
        "verified_count": 18
      },
      "bucket_shares": {
        "domain_share": 0.8148148148148148,
        "filler_share": 0.0,
        "unverified_share": 0.05185185185185185,
        "verified_share": 0.13333333333333333
      },
      "claim_type": "property_attribution",
      "row_total": 135
    },
    {
      "bucket_counts": {
        "domain_count": 5,
        "filler_count": 0,
        "unverified_count": 15,
        "verified_count": 0
      },
      "bucket_shares": {
        "domain_share": 0.25,
        "filler_share": 0.0,
        "unverified_share": 0.75,
        "verified_share": 0.0
      },
      "claim_type": "range",
      "row_total": 20
    },
    {
      "bucket_counts": {
        "domain_count": 5,
        "filler_count": 0,
        "unverified_count": 0,
        "verified_count": 6
      },
      "bucket_shares": {
        "domain_share": 0.45454545454545453,
        "filler_share": 0.0,
        "unverified_share": 0.0,
        "verified_share": 0.5454545454545454
      },
      "claim_type": "trend",
      "row_total": 11
    }
  ],
  "claim_type_counts": {
    "calculation": 2,
    "citation": 12,
    "comparison": 106,
    "counting": 12,
    "domain_reasoning": 95,
    "exact_value": 248,
    "existence_absence": 6,
    "filler": 125,
    "listing": 43,
    "property_attribution": 135,
    "range": 20,
    "trend": 11
  },
  "claim_type_support_matrix": [
    {
      "claim_type": "calculation",
      "row_total": 2,
      "support_class_counts": {
        "direct": 0,
        "domain_knowledge": 2,
        "inferred": 0,
        "no_tool_data": 0,
        "unsupported": 0
      }
    },
    {
      "claim_type": "citation",
      "row_total": 12,
      "support_class_counts": {
        "direct": 9,
        "domain_knowledge": 0,
        "inferred": 2,
        "no_tool_data": 0,
        "unsupported": 1
      }
    },
    {
      "claim_type": "comparison",
      "row_total": 106,
      "support_class_counts": {
        "direct": 4,
        "domain_knowledge": 37,
        "inferred": 13,
        "no_tool_data": 0,
        "unsupported": 52
      }
    },
    {
      "claim_type": "counting",
      "row_total": 12,
      "support_class_counts": {
        "direct": 3,
        "domain_knowledge": 0,
        "inferred": 4,
        "no_tool_data": 0,
        "unsupported": 5
      }
    },
    {
      "claim_type": "domain_reasoning",
      "row_total": 95,
      "support_class_counts": {
        "direct": 0,