prefix,total_cited,unknown,known_rate
beta,10572,0,1.0
ligand,12975,0,1.0
lit,586,586,0.0
metal,11829,0,1.0
ref,878,860,0.02050113895216401
vlm,11823,1471,0.8755814936987228
