model_a,model_b,n_pairs,mean_tvd
claudeopus46,claudesonnet46,257,0.2614196010200884
claudeopus46,gpt5,265,0.34527374824989665
claudeopus46,gpt54,264,0.4019193336151508
claudesonnet46,gpt5,300,0.38265774608247827
claudesonnet46,gpt54,295,0.413410373359253
gpt5,gpt54,357,0.34075672023113385
