{
  "batch_summary": {
    "best_vs_worst": {
      "best_batch": 4,
      "best_verified_share": 0.84,
      "eval_mode": "multi_step",
      "gap": 0.25860465116279063,
      "model": "claudesonnet46",
      "n_batches": 5,
      "question_id": "Q3.1.3",
      "section": 3,
      "worst_batch": 5,
      "worst_verified_share": 0.5813953488372093
    },
    "canonical_agreement": {
      "jaccard_max": 0.7804878048780488,
      "jaccard_mean": 0.448916771789044,
      "jaccard_min": 0.19047619047619047,
      "model": "claudesonnet46",
      "n_batches": 5,
      "n_unique_union": 47,
      "question_id": "Q3.1.3"
    },
    "numeric_agreement": {
      "model": "claudesonnet46",
      "n_batches": 5,
      "n_unique_numeric_tokens": 63,
      "question_id": "Q3.1.3",
      "share_in_all_batches": 0.047619047619047616,
      "share_in_ge2": 0.6349206349206349,
      "share_in_ge3": 0.5714285714285714,
      "share_in_ge4": 0.2222222222222222,
      "share_in_ge5": 0.047619047619047616
    },
    "stability": {
      "domain_mean": 0.16002075569602342,
      "domain_stdev": 0.07950817270519311,
      "eval_mode": "multi_step",
      "filler_mean": 0.19727413245876618,
      "filler_stdev": 0.0548857468192426,
      "model": "claudesonnet46",
      "n_batches": 5,
      "n_claims_max": 73,
      "n_claims_mean": 60.2,
      "n_claims_min": 46,
      "n_claims_stdev": 10.207840124139876,
      "question_id": "Q3.1.3",
      "section": 3,
      "stability_score": 0.9277594984149822,
      "unverified_mean": 0.10722147271097693,
      "unverified_stdev": 0.05007420052879468,
      "verified_mean": 0.7327577715929997,
      "verified_stdev": 0.10449388628684107
    }
  },
  "claim_type_bucket_matrix": [
    {
      "bucket_counts": {
        "domain_count": 0,
        "filler_count": 0,
        "unverified_count": 0,
        "verified_count": 0
      },
      "bucket_shares": {
        "domain_share": 0.0,
        "filler_share": 0.0,
        "unverified_share": 0.0,
        "verified_share": 0.0
      },
      "claim_type": "calculation",
      "row_total": 0
    },
    {
      "bucket_counts": {
        "domain_count": 0,
        "filler_count": 0,
        "unverified_count": 7,
        "verified_count": 34
      },
      "bucket_shares": {
        "domain_share": 0.0,
        "filler_share": 0.0,
        "unverified_share": 0.17073170731707318,
        "verified_share": 0.8292682926829268
      },
      "claim_type": "citation",
      "row_total": 41
    },
    {
      "bucket_counts": {
        "domain_count": 0,
        "filler_count": 0,
        "unverified_count": 2,
        "verified_count": 3
      },
      "bucket_shares": {
        "domain_share": 0.0,
        "filler_share": 0.0,
        "unverified_share": 0.4,
        "verified_share": 0.6
      },
      "claim_type": "comparison",
      "row_total": 5
    },
    {
      "bucket_counts": {
        "domain_count": 0,
        "filler_count": 0,
        "unverified_count": 1,
        "verified_count": 6
      },
      "bucket_shares": {
        "domain_share": 0.0,
        "filler_share": 0.0,
        "unverified_share": 0.14285714285714285,
        "verified_share": 0.8571428571428571
      },
      "claim_type": "counting",
      "row_total": 7
    },
    {
      "bucket_counts": {
        "domain_count": 18,
        "filler_count": 0,
        "unverified_count": 0,
        "verified_count": 0
      },
      "bucket_shares": {
        "domain_share": 1.0,
        "filler_share": 0.0,
        "unverified_share": 0.0,
        "verified_share": 0.0
      },
      "claim_type": "domain_reasoning",
      "row_total": 18
    },
    {
      "bucket_counts": {
        "domain_count": 0,
        "filler_count": 0,
        "unverified_count": 7,
        "verified_count": 97
      },
      "bucket_shares": {
        "domain_share": 0.0,
        "filler_share": 0.0,
        "unverified_share": 0.0673076923076923,
        "verified_share": 0.9326923076923077
      },
      "claim_type": "exact_value",
      "row_total": 104
    },
    {
      "bucket_counts": {
        "domain_count": 1,
        "filler_count": 0,
        "unverified_count": 2,
        "verified_count": 7
      },
      "bucket_shares": {
        "domain_share": 0.1,
        "filler_share": 0.0,
        "unverified_share": 0.2,
        "verified_share": 0.7
      },
      "claim_type": "existence_absence",
      "row_total": 10
    },
    {
      "bucket_counts": {
        "domain_count": 0,
        "filler_count": 58,
        "unverified_count": 0,
        "verified_count": 0
      },
      "bucket_shares": {
        "domain_share": 0.0,
        "filler_share": 1.0,
        "unverified_share": 0.0,
        "verified_share": 0.0
      },
      "claim_type": "filler",
      "row_total": 58
    },
    {
      "bucket_counts": {
        "domain_count": 3,
        "filler_count": 0,
        "unverified_count": 2,
        "verified_count": 10
      },
      "bucket_shares": {
        "domain_share": 0.2,
        "filler_share": 0.0,
        "unverified_share": 0.13333333333333333,
        "verified_share": 0.6666666666666666
      },
      "claim_type": "listing",
      "row_total": 15
    },
    {
      "bucket_counts": {
        "domain_count": 18,
        "filler_count": 0,
        "unverified_count": 4,
        "verified_count": 10
      },
      "bucket_shares": {
        "domain_share": 0.5625,
        "filler_share": 0.0,
        "unverified_share": 0.125,
        "verified_share": 0.3125
      },
      "claim_type": "property_attribution",
      "row_total": 32
    },
    {
      "bucket_counts": {
        "domain_count": 0,
        "filler_count": 0,
        "unverified_count": 0,
        "verified_count": 6
      },
      "bucket_shares": {
        "domain_share": 0.0,
        "filler_share": 0.0,
        "unverified_share": 0.0,
        "verified_share": 1.0
      },
      "claim_type": "range",
      "row_total": 6
    },
    {
      "bucket_counts": {
        "domain_count": 0,
        "filler_count": 0,
        "unverified_count": 0,
        "verified_count": 5
      },
      "bucket_shares": {
        "domain_share": 0.0,
        "filler_share": 0.0,
        "unverified_share": 0.0,
        "verified_share": 1.0
      },
      "claim_type": "trend",
      "row_total": 5
    }
  ],
  "claim_type_counts": {
    "calculation": 0,
    "citation": 41,
    "comparison": 5,
    "counting": 7,
    "domain_reasoning": 18,
    "exact_value": 104,
    "existence_absence": 10,
    "filler": 58,
    "listing": 15,
    "property_attribution": 32,
    "range": 6,
    "trend": 5
  },
  "claim_type_support_matrix": [
    {
      "claim_type": "calculation",
      "row_total": 0,
      "support_class_counts": {
        "direct": 0,
        "domain_knowledge": 0,
        "inferred": 0,
        "no_tool_data": 0,
        "unsupported": 0
      }
    },
    {
      "claim_type": "citation",
      "row_total": 41,
      "support_class_counts": {
        "direct": 26,
        "domain_knowledge": 0,
        "inferred": 8,
        "no_tool_data": 0,
        "unsupported": 7
      }
    },
    {
      "claim_type": "comparison",
      "row_total": 5,
      "support_class_counts": {
        "direct": 1,
        "domain_knowledge": 0,
        "inferred": 2,
        "no_tool_data": 0,
        "unsupported": 2
      }
    },
    {
      "claim_type": "counting",
      "row_total": 7,
      "support_class_counts": {
        "direct": 6,
        "domain_knowledge": 0,
        "inferred": 0,
        "no_tool_data": 0,
        "unsupported": 1
      }
    },
    {
      "claim_type": "domain_reasoning",
      "row_total": 18,
      "support_class_counts": {
        "direct": 0,
        "domain_knowledge": 18,
        "inferred": 0,
        "no_tool_data": 0,
        "unsupported": 0
      }
    },
    {
      "claim_type": "exact_value",
      "row_total": 104,
      "support_class_counts": {
        "direct": 96,
        "domain_knowledge": 0,