major_section,n_questions,n_runs,error_run_rate,mean_total_tool_calls,mean_parsed_tool_calls,planning_mean_sec,execution_mean_sec,verdict_mean_sec,total_mean_sec,total_p50_sec,total_p95_sec,answer_word_mean,warning_threshold_sec,planning_reference_sec
1,11,220,0.42272727272727273,6.863636363636363,6.863636363636363,331.9136363636364,358.3727272727273,40.96818181818182,731.2318181818182,805.0,1412.6499999999992,219.41363636363636,600.0,412.75221238938053
2,12,240,0.5,8.833333333333334,8.833333333333334,352.075,357.05833333333334,46.69583333333333,755.8041666666667,835.0,1519.9999999999993,214.02916666666667,600.0,412.75221238938053
3,14,280,0.46785714285714286,9.637992831541219,9.607142857142858,433.3010752688172,506.40860215053766,60.422939068100355,1000.089605734767,996.0,2015.2999999999965,434.97857142857146,600.0,412.75221238938053
4,7,140,0.7785714285714286,16.114285714285714,16.114285714285714,570.4214285714286,646.7857142857143,67.98571428571428,1285.142857142857,1170.0,2702.349999999999,651.7857142857143,600.0,412.75221238938053
5.1,6,120,0.525,11.558333333333334,11.558333333333334,469.5833333333333,501.325,51.583333333333336,1022.4916666666667,1076.5,1835.6499999999999,466.4916666666667,600.0,412.75221238938053
5.2,6,120,0.4583333333333333,8.583333333333334,8.583333333333334,320.2,226.49166666666667,25.366666666666667,572.1583333333333,576.5,1140.25,240.91666666666666,600.0,412.75221238938053
?,11,11,0.5454545454545454,32.0,32.0,1215.1818181818182,583.9090909090909,0.0,1798.909090909091,525.0,6528.5,1197.3636363636363,600.0,412.75221238938053
