model,n_runs,error_run_rate,mean_total_tool_calls,mean_parsed_tool_calls,planning_mean_sec,execution_mean_sec,verdict_mean_sec,total_mean_sec,total_p50_sec,total_p95_sec,answer_word_mean,warning_threshold_sec,planning_reference_sec
claudeopus46,285,0.6280701754385964,10.382456140350877,10.382456140350877,585.1789473684211,405.21754385964914,53.329824561403505,1043.6842105263158,1008.0,1663.8000000000002,418.3157894736842,600.0,412.75221238938053
claudesonnet46,280,0.5107142857142857,8.782142857142857,8.782142857142857,519.0071428571429,413.2107142857143,60.14642857142857,992.3321428571429,1005.0,1443.05,452.6892857142857,600.0,412.75221238938053
gpt5,280,0.5285714285714286,11.301075268817204,11.264285714285714,422.1111111111111,795.7921146953405,73.01075268817205,1290.9390681003583,1126.0,2586.2999999999984,291.74285714285713,600.0,412.75221238938053
gpt54,286,0.3741258741258741,9.695804195804195,9.695804195804195,127.77272727272727,129.1013986013986,11.958041958041958,268.8111888111888,224.0,605.25,290.493006993007,600.0,412.75221238938053
