major_section,verified,domain,unverified
1,0.9161041465766635,0.04339440694310511,0.040501446480231434
2,0.8233618233618234,0.10351377018043685,0.0731244064577398
3,0.6818428184281843,0.2146341463414634,0.1035230352303523
5.1,0.8413223140495868,0.0859504132231405,0.07272727272727272
5.2,0.7121951219512195,0.12926829268292683,0.15853658536585366
