major_section,exact_value,listing,range,comparison,counting,existence_absence,citation,trend,domain_reasoning,property_attribution,calculation,filler
1,0.2612886859462202,0.0700152207001522,0.033992897006595635,0.0334855403348554,0.076103500761035,0.015728056823947234,0.09081684424150177,0.0182648401826484,0.08168442415017757,0.14408929477422627,0.0060882800608828,0.16844241501775747
2,0.2619532044760936,0.04832146490335707,0.012207527975584944,0.1017293997965412,0.05137334689725331,0.020854526958290945,0.05137334689725331,0.011698880976602238,0.10681586978636826,0.1510681586978637,0.015768056968463885,0.16683621566632756
3,0.27983251919050944,0.048615957199348685,0.02721563154221912,0.06862060944405676,0.02372644801116539,0.01884159106769016,0.05140730402419167,0.026517794836008374,0.1125843219353338,0.13561293324028845,0.030937427308676435,0.17608746220051175
5.1,0.3562105263157895,0.08378947368421052,0.016,0.07242105263157894,0.045894736842105266,0.010526315789473684,0.02568421052631579,0.01136842105263158,0.07915789473684211,0.144,0.008842105263157894,0.14610526315789474
5.2,0.15817409766454352,0.1040339702760085,0.006369426751592357,0.025477707006369428,0.03184713375796178,0.11040339702760085,0.06687898089171974,0.0021231422505307855,0.07430997876857749,0.14331210191082802,0.0010615711252653928,0.2760084925690021
