model,exact_value,listing,comparison,counting,existence_absence,citation,trend,domain_reasoning,property_attribution,calculation,range,filler
claudeopus46,0.19477362503798237,0.05834092980856882,0.10179276815557581,0.040109389243391066,0.02157398966879368,0.038893953205712546,0.020662412640534793,0.13764813126709208,0.15557581282285018,0.008204193254329991,0.037374658158614404,0.18505013673655424
claudesonnet46,0.22006472491909385,0.049352750809061485,0.09142394822006472,0.022923408845738943,0.021844660194174758,0.040992448759439054,0.02319309600862999,0.1378101402373247,0.17502696871628912,0.005393743257820928,0.031014023732470336,0.18096008629989213
gpt5,0.09924573243350536,0.12862246923382295,0.0944819372766971,0.010321556173084558,0.06232631996824137,0.06034140531957126,0.023421992854307266,0.09487892020643113,0.1425168717745137,0.006748709805478364,0.01945216355696705,0.2576419213973799
gpt54,0.14213926776740848,0.10337401292175162,0.10265613783201723,0.00574300071787509,0.09260588657573582,0.06460875807609476,0.054558506819813356,0.12203876525484565,0.07106963388370424,0.0014357501794687725,0.014357501794687724,0.22541277817659727
