model,exact_value,listing,comparison,counting,existence_absence,citation,trend,domain_reasoning,property_attribution,calculation,range,filler
claudeopus46,0.3046098222356131,0.07562518830973185,0.05302802048809883,0.04278397107562519,0.039771015366074115,0.03374510394697198,0.011750527267249171,0.06990057246158482,0.15878276589334137,0.006628502561012353,0.014763482976800241,0.18861102741789695
claudesonnet46,0.2839917906618779,0.09389430477167779,0.043099025141098,0.037711646998460746,0.051308363263211906,0.04361210877373012,0.01026167265264238,0.06695741405849154,0.14802462801436633,0.00538737814263725,0.020010261672652643,0.19574140584915342
gpt5,0.22018348623853212,0.11592994161801501,0.027105921601334446,0.015012510425354461,0.09799833194328607,0.08090075062552127,0.013761467889908258,0.040450375312760634,0.10967472894078399,0.0,0.019182652210175146,0.2597998331943286
gpt54,0.21027364378300528,0.16466634661545848,0.0513682189150264,0.01056168987037926,0.12530004800768124,0.0556889102256361,0.011041766682669226,0.03408545367258761,0.10081613058089295,0.00048007681228996637,0.006240998559769563,0.22947671627460395
