major_section,exact_value,listing,range,comparison,counting,existence_absence,citation,trend,domain_reasoning,property_attribution,calculation,filler
1,0.2342857142857143,0.10204081632653061,0.029387755102040815,0.030612244897959183,0.07265306122448979,0.014285714285714285,0.09836734693877551,0.013469387755102041,0.07551020408163266,0.14326530612244898,0.002857142857142857,0.18326530612244898
2,0.2668195718654434,0.05733944954128441,0.015672782874617736,0.08486238532110092,0.03669724770642202,0.015672782874617736,0.06230886850152905,0.013761467889908258,0.10550458715596331,0.15978593272171254,0.015672782874617736,0.1659021406727829
3,0.2801990049751244,0.06447761194029851,0.03164179104477612,0.05970149253731343,0.021492537313432834,0.018706467661691543,0.051940298507462686,0.02427860696517413,0.10388059701492537,0.13293532338308459,0.031044776119402984,0.17970149253731343
5.1,0.341993020550601,0.09461031407522295,0.018224117875145406,0.05854982551376502,0.03993796044978674,0.013183404420317953,0.026366808840635907,0.013958898797983715,0.07483520744474603,0.1345482745250097,0.005428460643660334,0.17836370686312525
5.2,0.18588770864946888,0.09635811836115327,0.017450682852807285,0.022003034901365705,0.03566009104704097,0.12139605462822459,0.07283763277693475,0.0030349013657056147,0.05690440060698027,0.1669195751138088,0.002276176024279211,0.21927162367223066
