major_section,exact_value,listing,range,comparison,counting,existence_absence,citation,trend,domain_reasoning,property_attribution,calculation,filler
1,0.3081081081081081,0.13745173745173744,0.021621621621621623,0.022393822393822392,0.05637065637065637,0.03552123552123552,0.11042471042471043,0.012355212355212355,0.033204633204633204,0.06177606177606178,0.0015444015444015444,0.19922779922779923
2,0.2927702219040802,0.049391553328561204,0.008589835361488905,0.0901932712956335,0.024337866857551897,0.04294917680744453,0.10307802433786686,0.01145311381531854,0.03650680028632784,0.07945597709377238,0.015032211882605583,0.2462419470293486
3,0.2624544349939247,0.07290400972053462,0.014175779667881734,0.06034831915755366,0.014985824220332119,0.056703118671526935,0.06561360874848117,0.03240178209801539,0.08302956662616444,0.0688537869582827,0.015795868772782502,0.25273390036452004
5.1,0.2579155672823219,0.20778364116094986,0.005936675461741424,0.05343007915567282,0.011213720316622692,0.06134564643799472,0.04947229551451187,0.018469656992084433,0.03496042216358839,0.09630606860158311,0.0013192612137203166,0.20184696569920843
5.2,0.08040201005025126,0.09045226130653267,0.006700167504187605,0.023450586264656615,0.006700167504187605,0.271356783919598,0.08542713567839195,0.0,0.04020100502512563,0.08207705192629816,0.0,0.3132328308207705
