model,exact_value,listing,range,comparison,counting,existence_absence,citation,trend,domain_reasoning,property_attribution,calculation,filler
claudeopus46,0.3562105263157895,0.08378947368421052,0.016,0.07242105263157894,0.045894736842105266,0.010526315789473684,0.02568421052631579,0.01136842105263158,0.07915789473684211,0.144,0.008842105263157894,0.14610526315789474
claudesonnet46,0.341993020550601,0.09461031407522295,0.018224117875145406,0.05854982551376502,0.03993796044978674,0.013183404420317953,0.026366808840635907,0.013958898797983715,0.07483520744474603,0.1345482745250097,0.005428460643660334,0.17836370686312525
gpt5,0.30229419703103916,0.11201079622132254,0.018218623481781375,0.037112010796221326,0.016869095816464237,0.03508771929824561,0.06545209176788123,0.024291497975708502,0.044534412955465584,0.11740890688259109,0.0,0.22672064777327935
gpt54,0.2579155672823219,0.20778364116094986,0.005936675461741424,0.05343007915567282,0.011213720316622692,0.06134564643799472,0.04947229551451187,0.018469656992084433,0.03496042216358839,0.09630606860158311,0.0013192612137203166,0.20184696569920843
