model,exact_value,listing,range,comparison,counting,existence_absence,citation,trend,domain_reasoning,property_attribution,calculation,filler
claudeopus46,0.15817409766454352,0.1040339702760085,0.006369426751592357,0.025477707006369428,0.03184713375796178,0.11040339702760085,0.06687898089171974,0.0021231422505307855,0.07430997876857749,0.14331210191082802,0.0010615711252653928,0.2760084925690021
claudesonnet46,0.18588770864946888,0.09635811836115327,0.017450682852807285,0.022003034901365705,0.03566009104704097,0.12139605462822459,0.07283763277693475,0.0030349013657056147,0.05690440060698027,0.1669195751138088,0.002276176024279211,0.21927162367223066
gpt5,0.0694006309148265,0.14511041009463724,0.008412197686645636,0.006309148264984227,0.013669821240799159,0.20399579390115669,0.10620399579390116,0.0,0.030494216614090432,0.0935856992639327,0.0,0.3228180862250263
gpt54,0.08040201005025126,0.09045226130653267,0.006700167504187605,0.023450586264656615,0.006700167504187605,0.271356783919598,0.08542713567839195,0.0,0.04020100502512563,0.08207705192629816,0.0,0.3132328308207705
