model,exact_value,listing,range,comparison,counting,existence_absence,citation,trend,domain_reasoning,property_attribution,calculation,filler
claudeopus46,0.6778523489932886,0.21428571428571427,0.16666666666666666,0.16666666666666666,0.7,0.7019230769230769,0.5396825396825397,0.0,0.05714285714285714,0.2740740740740741,0.0,0.0
claudesonnet46,0.6612244897959184,0.2677165354330709,0.13043478260869565,0.10344827586206896,0.6382978723404256,0.7375,0.4583333333333333,0.0,0.04,0.16818181818181818,0.3333333333333333,0.0
gpt5,0.7878787878787878,0.6739130434782609,0.625,0.16666666666666666,1.0,0.8350515463917526,0.7227722772277227,,0.0,0.3707865168539326,,0.0
gpt54,0.7291666666666666,0.5185185185185185,1.0,0.6428571428571429,1.0,0.9012345679012346,0.9411764705882353,,0.041666666666666664,0.3469387755102041,,0.0
