model,exact_value,listing,range,comparison,counting,existence_absence,citation,trend,domain_reasoning,property_attribution,calculation,filler
claudeopus46,0.6038834951456311,0.631578947368421,0.7083333333333334,0.62,0.5742574257425742,0.43902439024390244,0.9108910891089109,0.34782608695652173,0.06190476190476191,0.4006734006734007,0.6774193548387096,0.0
claudesonnet46,0.6561604584527221,0.47333333333333333,0.6585365853658537,0.4954954954954955,0.6354166666666666,0.6341463414634146,0.803680981595092,0.1388888888888889,0.11594202898550725,0.3349282296650718,0.6341463414634146,0.0
gpt5,0.849112426035503,0.9259259259259259,0.8095238095238095,0.5426356589147286,0.6808510638297872,0.7916666666666666,0.9115646258503401,0.4583333333333333,0.08450704225352113,0.6304347826086957,0.3939393939393939,0.0
gpt54,0.882640586797066,0.9420289855072463,0.8333333333333334,0.8253968253968254,0.8529411764705882,0.8666666666666667,0.9652777777777778,0.5,0.11764705882352941,0.7027027027027027,0.7142857142857143,0.0
