model,exact_value,listing,range,comparison,counting,existence_absence,citation,trend,domain_reasoning,property_attribution,calculation,filler
claudeopus46,0.437190900098912,0.450199203187251,0.30612244897959184,0.2784090909090909,0.5492957746478874,0.7272727272727273,0.6428571428571429,0.02564102564102564,0.03017241379310345,0.29791271347248577,0.13636363636363635,0.0
claudesonnet46,0.42005420054200543,0.5327868852459017,0.2692307692307692,0.2976190476190476,0.5578231292517006,0.685,0.6588235294117647,0.1,0.01532567049808429,0.24956672443674177,0.047619047619047616,0.0
gpt5,0.8181818181818182,0.6942446043165468,0.8260869565217391,0.7076923076923077,0.9722222222222222,0.8851063829787233,0.7680412371134021,0.5757575757575758,0.1134020618556701,0.55893536121673,,0.0
gpt54,0.9155251141552512,0.8396501457725948,0.9230769230769231,0.8411214953271028,1.0,0.9195402298850575,0.853448275862069,0.5217391304347826,0.04225352112676056,0.6333333333333333,1.0,0.0
