{
  "batch_summary": {
    "best_vs_worst": {
      "best_batch": 1,
      "best_verified_share": 0.8,
      "eval_mode": "thermo_reasoning",
      "gap": 0.7285714285714286,
      "model": "gpt54",
      "n_batches": 5,
      "question_id": "Q3.2.6",
      "section": 3,
      "worst_batch": 4,
      "worst_verified_share": 0.07142857142857142
    },
    "canonical_agreement": {
      "jaccard_max": 1.0,
      "jaccard_mean": 0.5428571428571429,
      "jaccard_min": 0.0,
      "model": "gpt54",
      "n_batches": 5,
      "n_unique_union": 7,
      "question_id": "Q3.2.6"
    },
    "numeric_agreement": {
      "model": "gpt54",
      "n_batches": 5,
      "n_unique_numeric_tokens": 53,
      "question_id": "Q3.2.6",
      "share_in_all_batches": 0.09433962264150944,
      "share_in_ge2": 0.5660377358490566,
      "share_in_ge3": 0.5283018867924528,
      "share_in_ge4": 0.2641509433962264,
      "share_in_ge5": 0.09433962264150944
    },
    "stability": {
      "domain_mean": 0.18975153528641903,
      "domain_stdev": 0.060533357172482906,
      "eval_mode": "thermo_reasoning",
      "filler_mean": 0.2884045340624288,
      "filler_stdev": 0.12229518994927115,
      "model": "gpt54",
      "n_batches": 5,
      "n_claims_max": 55,
      "n_claims_mean": 46.2,
      "n_claims_min": 38,
      "n_claims_stdev": 6.496152707564686,
      "question_id": "Q3.2.6",
      "section": 3,
      "stability_score": 0.8142219542198179,
      "unverified_mean": 0.23392751434611897,
      "unverified_stdev": 0.26519462739482613,
      "verified_mean": 0.576320950367462,
      "verified_stdev": 0.29508900860414794
    }
  },
  "claim_type_bucket_matrix": [
    {
      "bucket_counts": {
        "domain_count": 7,
        "filler_count": 0,
        "unverified_count": 8,
        "verified_count": 8
      },
      "bucket_shares": {
        "domain_share": 0.30434782608695654,
        "filler_share": 0.0,
        "unverified_share": 0.34782608695652173,
        "verified_share": 0.34782608695652173
      },
      "claim_type": "calculation",
      "row_total": 23
    },
    {
      "bucket_counts": {
        "domain_count": 0,
        "filler_count": 0,
        "unverified_count": 1,
        "verified_count": 16
      },
      "bucket_shares": {
        "domain_share": 0.0,
        "filler_share": 0.0,
        "unverified_share": 0.058823529411764705,
        "verified_share": 0.9411764705882353
      },
      "claim_type": "citation",
      "row_total": 17
    },
    {
      "bucket_counts": {
        "domain_count": 0,
        "filler_count": 0,
        "unverified_count": 0,
        "verified_count": 2
      },
      "bucket_shares": {
        "domain_share": 0.0,
        "filler_share": 0.0,
        "unverified_share": 0.0,
        "verified_share": 1.0
      },
      "claim_type": "comparison",
      "row_total": 2
    },
    {
      "bucket_counts": {
        "domain_count": 0,
        "filler_count": 0,
        "unverified_count": 0,
        "verified_count": 0
      },
      "bucket_shares": {
        "domain_share": 0.0,
        "filler_share": 0.0,
        "unverified_share": 0.0,
        "verified_share": 0.0
      },
      "claim_type": "counting",
      "row_total": 0
    },
    {
      "bucket_counts": {
        "domain_count": 10,
        "filler_count": 0,
        "unverified_count": 0,
        "verified_count": 0
      },
      "bucket_shares": {
        "domain_share": 1.0,
        "filler_share": 0.0,
        "unverified_share": 0.0,
        "verified_share": 0.0
      },
      "claim_type": "domain_reasoning",
      "row_total": 10
    },
    {
      "bucket_counts": {
        "domain_count": 10,
        "filler_count": 0,
        "unverified_count": 23,
        "verified_count": 57
      },
      "bucket_shares": {
        "domain_share": 0.1111111111111111,
        "filler_share": 0.0,
        "unverified_share": 0.25555555555555554,
        "verified_share": 0.6333333333333333
      },
      "claim_type": "exact_value",
      "row_total": 90
    },
    {
      "bucket_counts": {
        "domain_count": 0,
        "filler_count": 0,
        "unverified_count": 0,
        "verified_count": 0
      },
      "bucket_shares": {
        "domain_share": 0.0,
        "filler_share": 0.0,
        "unverified_share": 0.0,
        "verified_share": 0.0
      },
      "claim_type": "existence_absence",
      "row_total": 0
    },
    {
      "bucket_counts": {
        "domain_count": 0,
        "filler_count": 67,
        "unverified_count": 0,
        "verified_count": 0
      },
      "bucket_shares": {
        "domain_share": 0.0,
        "filler_share": 1.0,
        "unverified_share": 0.0,
        "verified_share": 0.0
      },
      "claim_type": "filler",
      "row_total": 67
    },
    {
      "bucket_counts": {
        "domain_count": 0,
        "filler_count": 0,
        "unverified_count": 2,
        "verified_count": 6
      },
      "bucket_shares": {
        "domain_share": 0.0,
        "filler_share": 0.0,
        "unverified_share": 0.25,
        "verified_share": 0.75
      },
      "claim_type": "listing",
      "row_total": 8
    },
    {
      "bucket_counts": {
        "domain_count": 5,
        "filler_count": 0,
        "unverified_count": 1,
        "verified_count": 8
      },
      "bucket_shares": {
        "domain_share": 0.35714285714285715,
        "filler_share": 0.0,
        "unverified_share": 0.07142857142857142,
        "verified_share": 0.5714285714285714
      },
      "claim_type": "property_attribution",
      "row_total": 14
    },
    {
      "bucket_counts": {
        "domain_count": 0,
        "filler_count": 0,
        "unverified_count": 0,
        "verified_count": 0
      },
      "bucket_shares": {
        "domain_share": 0.0,
        "filler_share": 0.0,
        "unverified_share": 0.0,
        "verified_share": 0.0
      },
      "claim_type": "range",
      "row_total": 0
    },
    {
      "bucket_counts": {
        "domain_count": 0,
        "filler_count": 0,
        "unverified_count": 0,
        "verified_count": 0
      },
      "bucket_shares": {
        "domain_share": 0.0,
        "filler_share": 0.0,
        "unverified_share": 0.0,
        "verified_share": 0.0
      },
      "claim_type": "trend",
      "row_total": 0
    }
  ],
  "claim_type_counts": {
    "calculation": 23,
    "citation": 17,
    "comparison": 2,
    "counting": 0,
    "domain_reasoning": 10,
    "exact_value": 90,
    "existence_absence": 0,
    "filler": 67,
    "listing": 8,
    "property_attribution": 14,
    "range": 0,
    "trend": 0
  },
  "claim_type_support_matrix": [
    {
      "claim_type": "calculation",
      "row_total": 23,
      "support_class_counts": {
        "direct": 4,
        "domain_knowledge": 7,
        "inferred": 4,
        "no_tool_data": 3,
        "unsupported": 5
      }
    },
    {
      "claim_type": "citation",
      "row_total": 17,
      "support_class_counts": {
        "direct": 11,
        "domain_knowledge": 0,
        "inferred": 5,
        "no_tool_data": 1,
        "unsupported": 0
      }
    },
    {
      "claim_type": "comparison",
      "row_total": 2,
      "support_class_counts": {
        "direct": 0,
        "domain_knowledge": 0,
        "inferred": 2,
        "no_tool_data": 0,
        "unsupported": 0
      }
    },
    {
      "claim_type": "counting",
      "row_total": 0,
      "support_class_counts": {
        "direct": 0,
        "domain_knowledge": 0,
        "inferred": 0,
        "no_tool_data": 0,
        "unsupported": 0
      }
    },
    {
      "claim_type": "domain_reasoning",
      "row_total": 10,
      "support_class_counts": {
        "direct": 0,
        "domain_knowledge": 10,
        "inferred": 0,
        "no_tool_data": 0,
        "unsupported": 0
      }
    },
    {
      "claim_type": "exact_value",
      "row_total": 90,
      "support_class_counts": {
        "direct": 42,
        "domain_knowledge": 10,
        "inferred": 15,