{
  "batch_summary": {
    "best_vs_worst": {
      "best_batch": 3,
      "best_verified_share": 0.9210526315789473,
      "eval_mode": "ambiguous",
      "gap": 0.1654970760233918,
      "model": "gpt54",
      "n_batches": 5,
      "question_id": "Q5.1.5",
      "section": 5.1,
      "worst_batch": 1,
      "worst_verified_share": 0.7555555555555555
    },
    "canonical_agreement": {
      "jaccard_max": 0.8076923076923077,
      "jaccard_mean": 0.49107353407663,
      "jaccard_min": 0.19607843137254902,
      "model": "gpt54",
      "n_batches": 5,
      "n_unique_union": 54,
      "question_id": "Q5.1.5"
    },
    "numeric_agreement": {
      "model": "gpt54",
      "n_batches": 5,
      "n_unique_numeric_tokens": 29,
      "question_id": "Q5.1.5",
      "share_in_all_batches": 0.27586206896551724,
      "share_in_ge2": 0.5172413793103449,
      "share_in_ge3": 0.41379310344827586,
      "share_in_ge4": 0.3793103448275862,
      "share_in_ge5": 0.27586206896551724
    },
    "stability": {
      "domain_mean": 0.14535855846680076,
      "domain_stdev": 0.05734952500260796,
      "eval_mode": "ambiguous",
      "filler_mean": 0.186163463738275,
      "filler_stdev": 0.03531935544366026,
      "model": "gpt54",
      "n_batches": 5,
      "n_claims_max": 62,
      "n_claims_mean": 52.2,
      "n_claims_min": 47,
      "n_claims_stdev": 6.099180272790763,
      "question_id": "Q5.1.5",
      "section": 5.1,
      "stability_score": 0.9568984075390691,
      "unverified_mean": 0.013481187244841663,
      "unverified_stdev": 0.012586048471128498,
      "verified_mean": 0.8411602542883575,
      "verified_stdev": 0.06715144092632713
    }
  },
  "claim_type_bucket_matrix": [
    {
      "bucket_counts": {
        "domain_count": 0,
        "filler_count": 0,
        "unverified_count": 0,
        "verified_count": 0
      },
      "bucket_shares": {
        "domain_share": 0.0,
        "filler_share": 0.0,
        "unverified_share": 0.0,
        "verified_share": 0.0
      },
      "claim_type": "calculation",
      "row_total": 0
    },
    {
      "bucket_counts": {
        "domain_count": 0,
        "filler_count": 0,
        "unverified_count": 1,
        "verified_count": 18
      },
      "bucket_shares": {
        "domain_share": 0.0,
        "filler_share": 0.0,
        "unverified_share": 0.05263157894736842,
        "verified_share": 0.9473684210526315
      },
      "claim_type": "citation",
      "row_total": 19
    },
    {
      "bucket_counts": {
        "domain_count": 7,
        "filler_count": 0,
        "unverified_count": 0,
        "verified_count": 1
      },
      "bucket_shares": {
        "domain_share": 0.875,
        "filler_share": 0.0,
        "unverified_share": 0.0,
        "verified_share": 0.125
      },
      "claim_type": "comparison",
      "row_total": 8
    },
    {
      "bucket_counts": {
        "domain_count": 0,
        "filler_count": 0,
        "unverified_count": 0,
        "verified_count": 6
      },
      "bucket_shares": {
        "domain_share": 0.0,
        "filler_share": 0.0,
        "unverified_share": 0.0,
        "verified_share": 1.0
      },
      "claim_type": "counting",
      "row_total": 6
    },
    {
      "bucket_counts": {
        "domain_count": 7,
        "filler_count": 0,
        "unverified_count": 0,
        "verified_count": 4
      },
      "bucket_shares": {
        "domain_share": 0.6363636363636364,
        "filler_share": 0.0,
        "unverified_share": 0.0,
        "verified_share": 0.36363636363636365
      },
      "claim_type": "domain_reasoning",
      "row_total": 11
    },
    {
      "bucket_counts": {
        "domain_count": 0,
        "filler_count": 0,
        "unverified_count": 0,
        "verified_count": 52
      },
      "bucket_shares": {
        "domain_share": 0.0,
        "filler_share": 0.0,
        "unverified_share": 0.0,
        "verified_share": 1.0
      },
      "claim_type": "exact_value",
      "row_total": 52
    },
    {
      "bucket_counts": {
        "domain_count": 0,
        "filler_count": 0,
        "unverified_count": 0,
        "verified_count": 15
      },
      "bucket_shares": {
        "domain_share": 0.0,
        "filler_share": 0.0,
        "unverified_share": 0.0,
        "verified_share": 1.0
      },
      "claim_type": "existence_absence",
      "row_total": 15
    },
    {
      "bucket_counts": {
        "domain_count": 0,
        "filler_count": 48,
        "unverified_count": 0,
        "verified_count": 0
      },
      "bucket_shares": {
        "domain_share": 0.0,
        "filler_share": 1.0,
        "unverified_share": 0.0,
        "verified_share": 0.0
      },
      "claim_type": "filler",
      "row_total": 48
    },
    {
      "bucket_counts": {
        "domain_count": 1,
        "filler_count": 0,
        "unverified_count": 0,
        "verified_count": 49
      },
      "bucket_shares": {
        "domain_share": 0.02,
        "filler_share": 0.0,
        "unverified_share": 0.0,
        "verified_share": 0.98
      },
      "claim_type": "listing",
      "row_total": 50
    },
    {
      "bucket_counts": {
        "domain_count": 13,
        "filler_count": 0,
        "unverified_count": 2,
        "verified_count": 27
      },
      "bucket_shares": {
        "domain_share": 0.30952380952380953,
        "filler_share": 0.0,
        "unverified_share": 0.047619047619047616,
        "verified_share": 0.6428571428571429
      },
      "claim_type": "property_attribution",
      "row_total": 42
    },
    {
      "bucket_counts": {
        "domain_count": 0,
        "filler_count": 0,
        "unverified_count": 0,
        "verified_count": 0
      },
      "bucket_shares": {
        "domain_share": 0.0,
        "filler_share": 0.0,
        "unverified_share": 0.0,
        "verified_share": 0.0
      },
      "claim_type": "range",
      "row_total": 0
    },
    {
      "bucket_counts": {
        "domain_count": 3,
        "filler_count": 0,
        "unverified_count": 0,
        "verified_count": 7
      },
      "bucket_shares": {
        "domain_share": 0.3,
        "filler_share": 0.0,
        "unverified_share": 0.0,
        "verified_share": 0.7
      },
      "claim_type": "trend",
      "row_total": 10
    }
  ],
  "claim_type_counts": {
    "calculation": 0,
    "citation": 19,
    "comparison": 8,
    "counting": 6,
    "domain_reasoning": 11,
    "exact_value": 52,
    "existence_absence": 15,
    "filler": 48,
    "listing": 50,
    "property_attribution": 42,
    "range": 0,
    "trend": 10
  },
  "claim_type_support_matrix": [
    {
      "claim_type": "calculation",
      "row_total": 0,
      "support_class_counts": {
        "direct": 0,
        "domain_knowledge": 0,
        "inferred": 0,
        "no_tool_data": 0,
        "unsupported": 0
      }
    },
    {
      "claim_type": "citation",
      "row_total": 19,
      "support_class_counts": {
        "direct": 12,
        "domain_knowledge": 0,
        "inferred": 6,
        "no_tool_data": 0,
        "unsupported": 1
      }
    },
    {
      "claim_type": "comparison",
      "row_total": 8,
      "support_class_counts": {
        "direct": 0,
        "domain_knowledge": 7,
        "inferred": 1,
        "no_tool_data": 0,
        "unsupported": 0
      }
    },
    {
      "claim_type": "counting",
      "row_total": 6,
      "support_class_counts": {
        "direct": 5,
        "domain_knowledge": 0,
        "inferred": 1,
        "no_tool_data": 0,
        "unsupported": 0
      }
    },
    {
      "claim_type": "domain_reasoning",
      "row_total": 11,
      "support_class_counts": {
        "direct": 0,
        "domain_knowledge": 7,
        "inferred": 4,
        "no_tool_data": 0,
        "unsupported": 0
      }
    },
    {
      "claim_type": "exact_value",
      "row_total": 52,
      "support_class_counts": {
        "direct": 52,
        "domain_knowledge": 0,
        "inferred": 0,
        "no_tool_data": 0,